id,name
1,zzukLYKX
2,ahxAllud
3,AembZXyQ
4,mctzMKdj
5,LkiDsTWe
6,kRGVxZmh
7,HZrOEJtT
8,aWYENnzN
9,WcRjSHZh
10,NFLdwIZy
11,DLCVRoPd
12,XRtGpdtE
13,gWgTCWwC
14,gMAtvntA
15,EUQEcNYi
16,KHoRShno
17,KQoBSyoz
18,afYweLsL
19,PLWiYzIn
20,eZlEQHGe
21,UtfpzSCK
22,nbOBAdvQ
23,uQkKqUjc
24,UJtWdgxF
25,xSDBjByj
26,WHQgWplS
27,OcoFNaet
28,WBTaztyu
29,hoyMFojn
30,kRebvNpd
31,nBfwTqoN
32,DLrqfdpr
33,alpzgpSK
34,ZrJOmwkh
35,gbYQeiKO
36,yYOiIMwv
37,uMQiAWZC
38,lOntoRNV
39,XiMrLgyF
40,wwCIBQdN
41,IjYcVJoM
42,GuTLOkVW
43,Wqtxusuf
44,ehTktYWl
45,LjDTcWhR
46,VdmJxIIE
47,nDQrPOke
48,djelJCzg
49,KeGLabqJ
50,dEJegeOf
51,oFkpqHgh
52,voULfens
53,DJTlKUXg
54,PlrVEvXT
55,YoviWhHe
56,WMJLVcdr
57,EzdFBMCo
58,SCgeaSfO
59,khIPBfPL
60,TBAnVacj
61,yLuSuDWA
62,GIKYCziD
63,wDtygDiJ
64,ajduCoWc
65,fDlnPFpq
66,SWGcUOOp
67,GDJWmRKD
68,uAcuSUyU
69,WmXwCpsA
70,wKyDNllB
71,CvPlSkFC
72,nABrqqEB
73,MDveHaqC
74,rgxMbisa
75,KmmuYopi
76,DJXiIcpq
77,hnwAWgYT
78,sNFZzpph
79,QXXzvsBY
80,cSlexYcL
81,WScRPxRO
82,iXNZCyes
83,nirjCmQF
84,HWxtMBPL
85,vJxvcocA
86,CvOiKIHW
87,mGUYijKj
88,ncIyIirB
89,IaqXONCd
90,TXGwwTiA
91,jDFznGlI
92,Bswwripn
93,IWWnpZSU
94,zJVEaVmF
95,DjcnSYNp
96,UTPZknFr
97,WEvIQsiV
98,FLUVdFVg
99,xrLYvKeM
100,vZTsOAtO
101,DipnFbpR
102,NYhLVPHC
103,sQTsoklI
104,ZvvpbBNW
105,khLGTCmS
106,MuZQAAbh
107,mevIDyNK
108,CegETfGo
109,LDbczrTE
110,KpFJqPyd
111,GtfpufCn
112,AYjJsuXq
113,RKbNmRBW
114,wafKsbhu
115,zfwQszlI
116,tEEpyeWq
117,hmIzhrHu
118,PaSTZblo
119,jEnPZDEE
120,fWCeLaxw
121,PBnovvEY
122,nLwEKlZu
123,dfXxAYUS
124,nNnKfKSK
125,rzbPxQQK
126,iRIpcXmd
127,QMGZIfmB
128,luSRpaMQ
129,BzHJcubT
130,SmzoOWVO
131,fPLJsNre
132,xMzQfgxE
133,QhnuyGQi
134,fOIbNRLy
135,nTuimOCj
136,NffvJzgi
137,mMuqPuoC
138,HDCZEHvc
139,SPaVGDxc
140,KHhTwoXX
141,xbqpjBxv
142,ujPdDMpc
143,pWiacizv
144,DlHNWGas
145,AWdKJCVl
146,RBPBOCpO
147,bgjYeSfI
148,krVaZTip
149,kskXWfhi
150,yKBwNzkU
151,LCCmBXlp
152,xGjEfzFL
153,AHNqgjxN
154,uApLDvFL
155,mLNzUueZ
156,LrBpOBOl
157,qYxhUifE
158,mowvtRBw
159,POLlbLUw
160,AXmjiyOQ
161,XyZmwLDy
162,tPoipues
163,rkTgXTEk
164,YzTsZzyt
165,yOkCaJwJ
166,pacDPfpr
167,rZuMhitl
168,BiLXxtaK
169,CzuiOrOe
170,kjexiSvb
171,crhcbCcu
172,ELjluLoE
173,OQtvMnJo
174,gWgjUWvz
175,OWcVPjaP
176,OcxXNLgh
177,OcMVondQ
178,cUiUZvfc
179,QkeiihhO
180,YSZqKAKi
181,LlebAnTF
182,eQwsegYe
183,DJrGpklC
184,xoagrsgU
185,nmTAmTZH
186,mZRuLKvh
187,KZXpolQb
188,ZOTGhqjl
189,MpKlEJcN
190,VPsdomJB
191,aqTLGIyG
192,MFUEBOCQ
193,SMonXvYr
194,eboAYbOY
195,XpCSWiUo
196,svdOXLtv
197,XYukSfhh
198,hGqWgMol
199,VwqTnMux
200,kPMQZcBc
201,zjSwNnJr
202,QmXXAyDg
203,vjIbvWLh
204,oxCSFjoh
205,OgWyDMBj
206,aQlcgUnx
207,GcRQHqsj
208,CvLcNgTL
209,IQAbnlUN
210,BDnrZAaD
211,VoxKxRdQ
212,idXOvPjl
213,sKLizbCM
214,FZklcgHN
215,xZKDLjoW
216,fwxKttVk
217,oSAdbhsk
218,lbqOMOAu
219,lKfsCSsQ
220,BewiYRkW
221,ZNYuORQF
222,HEMLcFfB
223,LrTHPdaE
224,flsRJFrD
225,XtlnbaSN
226,ASYGiaCV
227,GCuUsnFE
228,lmPRAkac
229,ebVIOLxb
230,MmWlEeJn
231,CYqiEsAE
232,ClRFKBqS
233,tWyLIpuF
234,pARPdcBH
235,DuexUHsG
236,sfRlKUpZ
237,ULUXkQuy
238,DOmSJfFE
239,zCTxjAoi
240,XKVPZQfS
241,DkxZOoIK
242,hwYxeiew
243,cMXQfbsR
244,NeeODXWn
245,kYUZQJFR
246,pXMdyUQV
247,MGrAaIXu
248,cYpJPauM
249,xYIzGQkP
250,qQLSYTyt
251,bSHrspVF
252,KWjCKGxm
253,ZyyymHiT
254,qFJXohJk
255,eEpRmKvt
256,SQaQIiDm
257,stdErQBC
258,zQHjABpe
259,bYXMxRLb
260,WLaUWmTc
261,ZSspVMDe
262,hQYMrsXZ
263,gazVACPZ
264,BapBuJcZ
265,bYsxvxpS
266,WbTcFsgo
267,LTmPbRet
268,njAPXNMQ
269,kRxnYBXu
270,pKSbsVJB
271,AUPwSBbv
272,oBVajSZg
273,ZflGUEWR
274,IFnLtyFc
275,yEaTxKXc
276,nNZckLwe
277,vWsIsOrq
278,fMqkLTJQ
279,HapzYqrV
280,akTdQZsw
281,neVkgpLV
282,gSTAMFjB
283,nQKiXXdc
284,LWlfChmA
285,AobULeik
286,lFiGceCI
287,QfTRfXAX
288,DIojzmKa
289,OElRZeoU
290,xsKWrMbQ
291,OGMMfRdV
292,kTsffMeq
293,kmUrtUSM
294,nUPnxnHC
295,xFseeWid
296,xFzTYgcs
297,uJFiNFtT
298,byBGcHvt
299,MhwJEKuj
300,jYzFMEal
301,dsIrcvCW
302,eZQjOhTp
303,DwRRMxkr
304,pQRDWlmG
305,RSOkgKfN
306,lYwSsOHm
307,tIBIvZsq
308,lKjyvdKH
309,vwmiHuTT
310,OEZXDJqC
311,NVaQRTUw
312,rLwejObq
313,JMLszoPY
314,ZCeZGolD
315,mXNFRcvr
316,rzbQrbBB
317,ZKDtPktR
318,fKYPTodW
319,CEMFRvvV
320,ZVdeprun
321,ZwMQcnMB
322,XkdVlwpS
323,rRsbVCBW
324,xGQbKeVh
325,yZrECqKg
326,oQifNtMF
327,AWhGUoyc
328,gEQtiwrf
329,FiHvTVvR
330,eblfELhu
331,ASbmqRVV
332,IPXLjmbj
333,oVrJxKVM
334,UQngRpOQ
335,odXeZbxj
336,bjoAgJFY
337,GvlVDMIc
338,eAzDvMhg
339,AwEiopsP
340,FbrcudWI
341,HCpoebFd
342,CgagJuuU
343,neUfxwZn
344,wKffJOqK
345,IyVzgkrK
346,BZDlMycO
347,tnPjpeGV
348,fGwHnneM
349,eIKlWcvn
350,oErJQCAl
351,upuZGdbK
352,DXKzYgfE
353,rSpszAHu
354,niviPzVv
355,wHDuIqpE
356,NKVWHCwE
357,EKQTQbaz
358,NjYFlKxW
359,pizvuZge
360,fbEVSQTW
361,kHSEObDv
362,tGVrhJRT
363,xhpfkYit
364,BTDZcBdC
365,cDEAlhOK
366,CBSFvdhM
367,dtaYyvcB
368,PwZhqANE
369,pTcjCUZa
370,idcFoTik
371,KxDqMYdL
372,ingSgQKP
373,EuZtZiZG
374,wKRyfzzl
375,eDBZZbKx
376,lozAzqrY
377,ZDOwgenO
378,cYdkuYAo
379,LIqjPPIm
380,foEdMobI
381,GlLnGAMo
382,tRfRvRhU
383,ZzNcWEhl
384,WjiTBmpD
385,mSFWviIy
386,kWZcMxhN
387,QLgvYkMq
388,vdyYKrkI
389,tDxdnxMn
390,uTKyHngx
391,KCIzceJj
392,WpbjWaHd
393,fUHSHtbP
394,lpWeTWsx
395,xybUDOFb
396,VAyiFAug
397,AmzdmAIL
398,DmmacTZG
399,qHRHPnqT
400,vRshwOaK
401,WlUNbnas
402,olwXTjlw
403,evbEgsLx
404,OIvyZUFx
405,RDXGzhle
406,yLrVYOMi
407,pzEPHfuQ
408,BBjVkouF
409,DkBwEbTe
410,qnTkoXon
411,CIdURFvV
412,batPLqNG
413,ZWJcufnI
414,MyCchzJw
415,nNvojepn
416,wyKdwbzP
417,quhuNSSP
418,tjILwoGy
419,mMAOlZje
420,ajMLKTTM
421,xvaJeRBK
422,ofVDgRvc
423,tsDoHonV
424,aOgTXnjR
425,lcSUaDBG
426,qjjfuKNQ
427,WzgFITxt
428,MYHIJVxp
429,taefaXOh
430,GFBhSzKM
431,XlZebdPV
432,aaxflRTw
433,jtdxtrkg
434,JDpZLtPe
435,TXEamXVT
436,dBddpjAi
437,UifLPTlJ
438,LRHaBJkg
439,ZgeaQvkw
440,CYPtmzmt
441,sdalppGu
442,wXoxYaGw
443,NnloZMlv
444,yzfmwkwt
445,ZRpwrtWg
446,uPbnkQoJ
447,ApjPkjuj
448,Htnkgijv
449,JnhsxDsW
450,rTsNlcVM
451,VmdrNaNR
452,inScVglS
453,ZkKlRGuD
454,OyQdBHNe
455,KGMVPiUk
456,OEeFlFzP
457,WxtOohhA
458,tdeSBAeH
459,ApFDmyJC
460,dqXSPSrd
461,xrodRPtd
462,FkPzUWjd
463,vyngtjGb
464,KagtymBT
465,tpqODsRN
466,QKdkZpqv
467,ZwvTyByE
468,LOXwqqVS
469,waPtJtIc
470,QbVJbPFT
471,AeGEaHty
472,pnrBAuyS
473,sTSlbdvA
474,opkBEDuD
475,uCKxSKrA
476,DEmphqyF
477,QrYsJkud
478,VjXRDQtA
479,lStepMfA
480,YmyHRCgj
481,lagwyBUT
482,YrCDaEYs
483,qhfZQxXR
484,GsSjjFNr
485,qqqfsCYL
486,gffaMXRu
487,tLUPRStF
488,oHtjiQib
489,ljdWobJx
490,FZdjpIse
491,SCsrIAYb
492,bpxCfsuY
493,dhIwRSrI
494,GYXnpAEN
495,MtcEcNQC
496,DoSuhhCU
497,DuUFLFmE
498,jTRYclKP
499,gulrtWaZ
500,lHFXkIOW
501,FHqEHYbp
502,wrsaapQH
503,nQbtYtGN
504,oXyFxBrQ
505,RYRABUCP
506,dIHxDCJw
507,qASAjMZK
508,uNwvVRWV
509,uMbhslJX
510,KBvhPmoT
511,hYJOehOR
512,aKyUcqxB
513,sZfoxeyo
514,kQrZcNDC
515,XmmUtmlb
516,UaFUyIFn
517,bJbTGDsB
518,DNKYDyeb
519,KYdLvQuP
520,GwbxRuss
521,aXeKpDnw
522,JTiPEhzh
523,mPJHRSfk
524,oAGvZqyy
525,mZYkqJYY
526,UEkKOZXj
527,osAWhPFh
528,ILVxqoyU
529,oKscrRCR
530,INQWLBaH
531,RAjmKeCk
532,MUDaRYRZ
533,zkNrssWx
534,vJMbQGOz
535,KNmbAnEV
536,duQhlHvb
537,wKyLSQnp
538,oKfIAEsN
539,gIWtXXuX
540,YqQsGfgm
541,PcGfrblr
542,yWqDTVvs
543,DNYulscb
544,qLPHxOJM
545,VLZfNxRO
546,ZBXWhfgT
547,McLBGrej
548,HOlnGAXz
549,ERZGyYum
550,wRuAtgSj
551,ujQvmDns
552,vStQtVir
553,LilPpKJa
554,nNzunlBN
555,snXinwyl
556,PvXKyEAD
557,zBofEgMB
558,AeJvXrGx
559,lCTfeIRv
560,LEmUquZu
561,muVJWADm
562,NgmvZalC
563,hVsyBYrd
564,BiNFcaEc
565,HtryJyzo
566,ytQrVlxP
567,EvZNCUHa
568,PKBMPOdH
569,mpguHQDB
570,CEgzoTnR
571,UnlGOlFj
572,WjnMFUWb
573,vKlJiAqh
574,tEhYDJke
575,eKdBYZiB
576,WgUUhybw
577,aTyEUBJL
578,siftysVx
579,UzIihAEh
580,wdHoJxCw
581,ySCTTnYx
582,THkWBWbm
583,IsAqJEJS
584,wULFMRhs
585,seVLOngb
586,NejUVIjv
587,OaMBUSOh
588,MvaFQpiF
589,zrJKTRBk
590,MNrGYFvl
591,oXGfvDcC
592,wQTDdBNs
593,uSuMYJkr
594,rPXcBtkE
595,xTyquKpT
596,HBEHSwit
597,iqiEtCIw
598,MAMQwWxJ
599,WsGGYTub
600,MlvYrhEL
601,ndtCbPzf
602,JUVZEjYy
603,goTzHLMX
604,XfTaIUIW
605,RSFeThcl
606,NPyLxtjx
607,WwYPBIvU
608,ofZYZfEe
609,vyGURlSR
610,ujKVIpgL
611,uFhwPoUO
612,fxFxCcYs
613,AqWAfNMH
614,EMhWPbVy
615,UwWRhhSX
616,hxcYgbrw
617,jhENNPAt
618,zleYBCqk
619,kxVhPRMF
620,WbJeVFtg
621,cibickAs
622,NooTSwMq
623,kuFZmfpI
624,UNfMQcFF
625,xYcOhKsY
626,XBrTcfsQ
627,HgxMQjSw
628,IzEmZveQ
629,IRJfJUcT
630,ApTmTxXW
631,gOFrfEsn
632,AmBcZeNf
633,MjVrAEqh
634,iNvSLqUp
635,KDbhShVP
636,KETDewxJ
637,xpRNopcK
638,waDoIzDG
639,ngPErbbN
640,FfRBanIG
641,tZSoUpRj
642,qVZlvzAn
643,DspDIrCO
644,NddMCqPJ
645,PmYrrjNO
646,RONmsrfK
647,hgwCtvnl
648,YYVCpbYW
649,ZyzVyzmY
650,OXIUmwBF
651,lOVeoDLG
652,kViRSmWW
653,gkeSYUXp
654,GPZMkDHo
655,KKxkdpcj
656,OWrUinUB
657,AyxyIEjT
658,RoqIcJqU
659,EvIapDNo
660,lNVwFljm
661,NYPhzxKk
662,IVinxvXe
663,xRkGHMom
664,OKtDBKMC
665,sOgeOBkP
666,YRlAmhFA
667,MCOsyBZf
668,jQKAqrLW
669,QSEHhwLh
670,VnmNLMZr
671,nnAEzwRj
672,fKHmazws
673,RVaxiQNB
674,OYYDAeBI
675,sQOfspKc
676,OPCRRqTZ
677,BxduTlsM
678,HvRWahNO
679,lrKTkISU
680,RquSpisz
681,AcvkAOnK
682,oyoBUvvR
683,GadzIFIV
684,ABbJZKhv
685,rYFYqcWu
686,XguioabJ
687,vZRepXyp
688,NqVhYtGF
689,DuvlIFEZ
690,hxzhENlf
691,AMAfbYGq
692,spOIduXF
693,mFUSTiip
694,yHhkPReI
695,SPsuSeDQ
696,oZrftGJw
697,sYEmORsc
698,ltZLOfgy
699,rgaMuDLd
700,mwTbziKs
701,gmcARTYj
702,aKvZIIAl
703,zJuXKMiB
704,dXxfdRRh
705,kuhIBDzv
706,MPPWVFfk
707,kOApLWSa
708,IrSzKIvS
709,xtwjJccz
710,qVupzerO
711,kUiSLTnZ
712,THfocfrJ
713,kfpyMwiD
714,IGNJSTVD
715,alfhxLUv
716,qwjmyibD
717,oysGtUsE
718,kkcDaBkQ
719,obqYPHpU
720,HyGtLPQg
721,WHPHxUAM
722,HWDjUoeP
723,RhirGUZS
724,adzypaOd
725,RhkVwUnm
726,ipnRCcer
727,BWcwpyWt
728,CzFWjCEg
729,gttAfedm
730,kjWgslRd
731,AfhpAWBq
732,bCqVXjms
733,CrbwLqZZ
734,fRIWRXsM
735,lUWveNRg
736,gaEjzgqB
737,hhjjXFsR
738,mbWlRhdQ
739,xUHottbJ
740,vYqTVCTU
741,hIRmvSMq
742,SnuCuRqS
743,XckYPiAG
744,WtaFougp
745,duviDYZU
746,srypqzxM
747,pBzWWNnU
748,hsrJfdHW
749,xnNWZwOD
750,bGBsHvDG
751,YjNptobZ
752,ltbcuYuS
753,kLbQMjpy
754,PxjeWrVd
755,HGXFTqZH
756,ceTVNHyK
757,DgxwQcoS
758,eqYTzDvv
759,AJXSIquo
760,IDYLqwou
761,FXmoDeUP
762,KWCxbfjG
763,DwBZqjun
764,nXsKUssk
765,fnVCQqVH
766,NliOhIlx
767,LtgkUGjF
768,FVEBrldk
769,PNpOVMhs
770,LYYrqRQo
771,lbQOYbXW
772,ssKRvHWl
773,BDNBtADC
774,ZuFvWphd
775,AOcDsVTe
776,xITIVzpd
777,YUuLHdea
778,mRhtkSap
779,TLBfXhtx
780,rQmOgBPE
781,cCgoYeog
782,cMtRfGmO
783,FxBPwbqe
784,PrBHpaKL
785,iHVrxVKs
786,OGYdRTfC
787,uZBtZPzP
788,wodWkWif
789,oddbQKhd
790,OOZBLpFr
791,GJmjOoJF
792,IppDoCVg
793,JSQvWJAT
794,Vfymlpbn
795,uegshqRf
796,lSEPMHON
797,Tmraivqs
798,WuBbZdhT
799,lkEJLZTf
800,yuOBAHiP
801,lGPSaYZs
802,utKLVZed
803,IAwAHDPt
804,vrPugWIE
805,qWXnrhDH
806,fbSFWPQb
807,BjxtlwkI
808,PGyWYDKn
809,MogJlpQG
810,ZuDGpXcp
811,ioAKJZhy
812,GtfwJXmq
813,iGRvdfOs
814,PQrzyYlU
815,hyBnnstx
816,VAANmloy
817,FSlJxbCO
818,oDXKcMex
819,VbkZyKFv
820,YpFGkSyT
821,qtPcjZaN
822,ZWHERvsR
823,ZaphqAWP
824,DBKAfbUc
825,siTcgWeF
826,PeBEHDgd
827,BPtobavA
828,aZpMzpzm
829,iesZLDoN
830,aHvfIuLu
831,vQXSuYYA
832,LxnxjFrR
833,dkiQCcST
834,tlQOYvQL
835,cmymkPdC
836,hTvoPLpq
837,ZFyGqkvA
838,vczZuHSK
839,KbhDhQRN
840,EnNyWGdg
841,dszRGIwU
842,EhCikzSW
843,kkcvixiI
844,XkQYBtdK
845,ZrNtBewY
846,cZukpnvR
847,VNeACNgM
848,qXDmAzNM
849,PNAtURCo
850,DLfvCUkd
851,AdmKcFGX
852,SgkKmDbi
853,TZOeaTBG
854,ortiTDuQ
855,gPpJcEzD
856,TGiEJTHt
857,AsNcqfqt
858,uwbUyjJe
859,KEUBbaBv
860,KGaIWudw
861,FEARBpYm
862,miEhSdrb
863,oLMlZcjA
864,opCcYvQJ
865,jFeFVmpg
866,TTzrwOAx
867,ZoiJgDhY
868,NCNTZVAI
869,OydxYkjx
870,vAmBJlCK
871,XpHIGnOB
872,JuZaZvBE
873,pbiIFGjw
874,BSDyUrjF
875,GDxawxPn
876,wENSqsEP
877,BTudlNLB
878,dLiWlLgg
879,HdybHqQa
880,oJhQaRIH
881,LqKIuxME
882,oRPCgsrW
883,cZEOjqXF
884,yhKbfoVJ
885,tjVPotAz
886,KGkrMVbb
887,AEHEEzaF
888,iYQNrtuC
889,dNjfoMIH
890,cEqcDFke
891,LeopDwkP
892,pSMvgLRl
893,RouICyHx
894,DdTwGWuB
895,wplWpzLJ
896,ekSZJtPV
897,hezvzlws
898,HURhyKkX
899,kGAuKMfH
900,TwSTMnKa
901,LbWVrmun
902,mitwdvFC
903,gIFOoCXe
904,ISBTKpWH
905,nGyHEMot
906,DSppEbWm
907,XkTBOeaj
908,GuIUyXrd
909,eSeVCmlf
910,FtVNDwuw
911,GqMfAqqb
912,FKPYGGyU
913,qtHxmNOl
914,kHIiQMcP
915,zBaFlGTv
916,HhyAzeRF
917,ygHsaCIz
918,mOyGsiqw
919,OzXeHsPx
920,hDWjHqWg
921,yDpnyenv
922,isDQYipW
923,wORecGmf
924,uVbLqQhJ
925,fCnJlsqZ
926,tfBEJENk
927,qmlOmutd
928,TyCjZFlO
929,arlhjAXl
930,ZXaTqCcw
931,ABqmuSEf
932,aGFnbCgu
933,gjhPngDx
934,IvpAUNpD
935,dPshkHDq
936,RAfeVrdH
937,YpHwAdDG
938,Mbxvbnng
939,OXqpgyaL
940,NIbjazGC
941,VcjZydBh
942,MnZuzJTW
943,rXbIINrM
944,vuWclTLf
945,XNhbmOTT
946,KqqtBHdh
947,qwEstOkw
948,byrhAYle
949,WSpTWtXW
950,pwomkEoC
951,VKtRYbQU
952,nqlzDeqN
953,dbJjviMu
954,KEFxYHTo
955,oECuYeQi
956,LPjXieBW
957,KLPdzgKw
958,JjIIXqFp
959,TTlifDiz
960,RtWBUYUf
961,iMHmtvqG
962,UCCqyTWZ
963,EotaPlBS
964,DkCSSkWp
965,xZrLrLBG
966,ccqgQVxs
967,LeDkxjiI
968,mqPrNUPm
969,ueICGNBP
970,lQbDQrMW
971,rMyWJFNi
972,gsFATGOt
973,nwhDEogx
974,pNxwgTBJ
975,KpOsOSUo
976,kNJLksEB
977,HWKwYZdA
978,vaOWNKqP
979,CSPsqTkq
980,aHccXzHK
981,cgXBTXBb
982,ZsfDwAsO
983,OJSbQrpP
984,gIQqtTNG
985,qUNpNhbR
986,ClDygVlA
987,DRLWGBKa
988,vSGvBYOX
989,JZXEjpwF
990,lGNqMirU
991,aCCaDWwO
992,InSEOmLI
993,fHGbZPbe
994,clCwexbH
995,qIgMLrgX
996,cjtfdNxH
997,TDJBTCiB
998,tdioDsel
999,LHcQlqwu
1000,XHlxFwCx
1001,MiaYOXEu
1002,VOTJFVVd
1003,kFLEupNs
1004,zrvnibVJ
1005,EwIfOAVQ
1006,MXIUcvrX
1007,sdAdzNfX
1008,bSlerXEg
1009,AXmXPSRC
1010,wnCdtYPg
1011,eLDwebBO
1012,UShlYQoU
1013,wSqbMmMN
1014,EKQqwugQ
1015,VqVNyjAf
1016,xOzDcNVl
1017,KJhWibCK
1018,lZgSkREh
1019,UUaMNiEK
1020,lwRDqAAu
1021,nXHkMntR
1022,pVWrfDvl
1023,WfLWDVJY
1024,YOZZSKNt
1025,uKcBOuzf
1026,Wagwsfbc
1027,VqRDPWeG
1028,eSijHvWe
1029,fIhqWQQx
1030,LNEBNCrJ
1031,ZnaYFmpo
1032,WtFypBzR
1033,euHCiFXm
1034,adVNpScV
1035,ixmODolN
1036,xhxAEbBg
1037,ryXEGoJC
1038,JefuYbxR
1039,mDZskbxN
1040,aYASBiyq
1041,aZpzOGae
1042,trwdlbjQ
1043,MgEUYuty
1044,xxLRAIHR
1045,ESEioOkV
1046,KMFDevWZ
1047,YelYUNiZ
1048,JvOsTjGC
1049,qAQKwOiw
1050,DKNuughm
1051,pJfQKVdJ
1052,sumJmZCT
1053,HDhcMSOb
1054,uzGiLNPN
1055,hcRRcPZC
1056,KJDLOYfK
1057,VQHVrnrK
1058,OmIZlWgq
1059,bQOUIcjk
1060,fdZVlIHg
1061,XjQvPZya
1062,AMdOeqoj
1063,iqMybsXn
1064,DFlKAYAt
1065,MSeeSswj
1066,fRRNYsSi
1067,dABaozvt
1068,ycyRobUm
1069,iTKIAmFy
1070,AoeRPRtD
1071,YLZpvvuj
1072,lHVfXQnw
1073,LzbisERo
1074,xnjIoxKS
1075,unhKUZAh
1076,DOPCTxJc
1077,rEzZtXvR
1078,WwUWKVqh
1079,VCuTcpqZ
1080,lvTDwmWN
1081,DCZjzOOM
1082,kGcNucIJ
1083,oqcdPGxf
1084,JnFPJPiC
1085,ZMhyaAKl
1086,XhGMOJwE
1087,mSOdoPiR
1088,xgefJcys
1089,ZkXgNriw
1090,ujtBcnLM
1091,OUHcNRTW
1092,bcJZISQe
1093,HSVGHqYO
1094,LNtaclgE
1095,eAWQxQyI
1096,kNTSqVCB
1097,yfiNjwNb
1098,olEwMVmY
1099,cGxzYxjY
1100,CWPQRXIP
1101,FpFHRJNH
1102,GkDgVqhr
1103,AgZfsFUN
1104,bbDehFsz
1105,SQZOKqko
1106,nzTmIIff
1107,yYfwqefv
1108,KnmCRJzg
1109,fEdiSIGj
1110,HDzghIbL
1111,iZLSmGkt
1112,DGjrTmcK
1113,jCDEokrA
1114,cATPlOSb
1115,UkDPecjg
1116,vnVnSDgY
1117,ejpFpEcl
1118,GHkbtgHJ
1119,OJaYSmps
1120,NUswScxL
1121,MlRqtjma
1122,tgrosZza
1123,oFShjaIY
1124,VNcyjbez
1125,cbKjTKpi
1126,CmPFIpNt
1127,knAZyiXJ
1128,OEWGVOiW
1129,UTsfOTWY
1130,SvskrhKZ
1131,YhjunUkI
1132,nsDOawDe
1133,hhEfSiXe
1134,OaphHNjr
1135,hvbkNafe
1136,SgGcnRem
1137,hOyGKdRt
1138,xqPYqFyf
1139,lXyODpUa
1140,NkGCVFpf
1141,BtdcdqyC
1142,mTJTgtJj
1143,JRVKOvZT
1144,ayDUCGqJ
1145,aPQUblxH
1146,iKaZYMoK
1147,qWXEswRg
1148,jESxTOta
1149,FihqNwEV
1150,YzvwNcBj
1151,QsRrhigK
1152,gzTvdzeh
1153,wEzbSHnE
1154,nANfMSaj
1155,oAVTvufA
1156,RbGsQkoG
1157,DdotqzlD
1158,bOfPPvhl
1159,GVquYVtL
1160,sgUBmsxv
1161,lMcDxNOo
1162,XOcDXzzG
1163,LcKqQSQU
1164,DOBEUcum
1165,zvNaXWMK
1166,zVBSqqJG
1167,KWfucNQY
1168,oFaOZzBP
1169,vRZNurhB
1170,VphoXwAS
1171,OdpUkxvj
1172,djGgtSag
1173,wTUlnlJN
1174,KVOUJzCd
1175,CVNMzNhz
1176,ZrLYPxPk
1177,WMLHIDTY
1178,MoKVBPcH
1179,WmvRTZjz
1180,rYPbqNeT
1181,ZQjYLxmJ
1182,YHExKeNf
1183,HovMxZOO
1184,EbUJqAJp
1185,OSLOBvap
1186,ygCyAjdR
1187,VpWFQWca
1188,yHDIGgXc
1189,GaYMXtQB
1190,lyyrlYKn
1191,uxujiAcD
1192,feDOHRaV
1193,IZQlypga
1194,sKSBPGSW
1195,dwEEkgPD
1196,YWqynLko
1197,xwWchizu
1198,oUJSOkUK
1199,LNspMmFi
1200,walNwcqT
