id,data1,data2,data3,data4
1,True,"text_row_1", 11dbb77a8, [11dbb77a8,473f5808d,f4b13b289bf,3feb124609]
2,False,"text_row_2",473f5808d, [11dbb77a8,473f5808d,f4b13b289bf,3feb124609]
3,True,"text_row_3",f4b13b289bf, [11dbb77a8,473f5808d,f4b13b289bf,3feb124609]
4,True,"text_row_4",f4b13b289bf, [11dbb77a8,473f5808d,f4b13b289bf,3feb124609]
5,False,"text_row_5",3feb124609, [11dbb77a8,473f5808d,f4b13b289bf,3feb124609]
6,True,"text_row_6",11dbb77a8, [11dbb77a8,473f5808d,f4b13b289bf,3feb124609]
7,True,"text_row_7",11dbb77a8, [11dbb77a8,473f5808d,f4b13b289bf,3feb124609]
8,False,"text_row_8",f4b13b289bf, [11dbb77a8,473f5808d,f4b13b289bf,3feb124609]
9,False,"text_row_9",11dbb77a8, [11dbb77a8,473f5808d,f4b13b289bf,3feb124609]
10,True,"text_row_10",3feb124609, [11dbb77a8,473f5808d,f4b13b289bf,3feb124609]