id,name
1,yqlXtVTTl
2,gAadvUZz
3,XeKlShlQl
4,LZsLU
5,mptBSAsXUM
6,aQIjym
7,rcRFP
8,tRmHfB
9,VkgLaYNZBz
10,kTTzr
11,CaxOkkmkK
12,gyrQY
13,amEJY
14,bwztpM
15,dgFgBwPGuB
16,YTASChwba
17,soERplcydt
18,fRSJQHqVZ
19,hZFbBbFMzc
20,OPPZLB
21,donSac
22,nSAIffG
23,OcxUB
24,NYGCWkm
25,bHgeLauVg
26,pKrewMbudv
27,WXLAjgeg
28,gSgwbRbjK
29,kHNpfqT
30,XaEShZMo
31,UPvwgSqlzA
32,TjBgXEjvQ
33,XQLdJOERtq
34,tACKcR
35,EnwCUW
36,IGCUgqwNo
37,vTnzGJXx
38,WWjyPCrHA
39,qwOHg
40,TVgBo
41,aOkGmhDSG
42,DSEbuK
43,tnvCgwlw
44,FegcNGkC
45,fFrzURZkkJ
46,SpgXNt
47,xnARTLkVSx
48,KuFvFdtW
49,mIptJBABI
50,hTbqYTbi
51,kVTUxvCgL
52,KldrHYIZG
53,wByIOlnUA
54,ZZumP
55,posZEV
56,XYApWP
57,BmLPuhnG
58,jqWODr
59,qFMac
60,mVKfnirB
61,qQAks
62,DzEwKtWHx
63,DvJZOJn
64,eoINhAT
65,roAPjmLoi
66,CnSaSVrrj
67,fNrCiDucM
68,iTZepNpf
69,UtjPLYDy
70,ChEFyDDjrA
71,SuVQgTAtr
72,wuXYPiSNO
73,tNCHErPPd
74,rHTSoGrAzh
75,agQCQS
76,MHubXj
77,xGRsqa
78,TtacYlZpc
79,ttAVk
80,VaQGHb
81,oYdyaQOXO
82,mulVUuOCcE
83,hcOXTGOHQH
84,FyaNJWCA
85,dsNwfbH
86,MEWcYcw
87,GoFYzKHBER
88,MEEFFx
89,LygvpQmef
90,ucSAWEllmC
91,NydBQOaThZ
92,bcXoPOc
93,BNjME
94,rJCijilnD
95,YQnnDjg
96,sNQTgzREbn
97,HQrDxv
98,ydMMYgsnyN
99,LZvkhMSQ
100,bUIAvV
101,XdMMN
102,NRbZrsA
103,kDbBaCPt
104,WOwYuFx
105,PljCnMk
106,rWGrT
107,DIirmVmyJM
108,rtYANpW
109,bZWdQjpv
110,URLAdDf
111,nzdOREr
112,BFahyZCTWI
113,qjkarlrmL
114,tXahPUkTmr
115,STKJSNuG
116,DJYokSDbt
117,gUaBrqfvpk
118,ORFSrEqmn
119,cFFZI
120,ZxdDiNgRw
121,bcfyHnICoC
122,RnfXzM
123,OetUOF
124,HpAjDtyje
125,OPYRkaL
126,yCgaeQSK
127,vdUZtdvC
128,HrSdThUes
129,RVKOFn
130,uaFbBHxOMc
131,elDOgpQJAS
132,hqifLnXH
133,wDOXxjkN
134,naLzJrM
135,DmyRn
136,KtnVFlbQ
137,RUIwqzy
138,tzGTAEBoab
139,ivzthCKRg
140,xJLGG
141,JYOpeaJum
142,pDQMGrt
143,NmYFuPUf
144,BhHRc
145,mzomCXg
146,aKezwB
147,VYykV
148,lYpAkZ
149,SQkygsgSau
150,zIhdFi
151,MZyrYBt
152,tUFZOZR
153,aZVIn
154,TqIDWzSiFz
155,QgBJZm
156,TBCUNirn
157,hXIIikhcd
158,tMrihFkq
159,tWwNKbvh
160,ECAkMdVZqn
161,pSVoVZrFSX
162,wIAnLo
163,nFCZSIo
164,YBQfMTcC
165,UtvZmyQ
166,zQYAMLbDD
167,VWiWzyb
168,nhcrgjpW
169,uFyWedb
170,wyzWHCfaG
171,TapIR
172,VXQNtUh
173,gUPoihkQX
174,konWtJsMmi
175,CPoslKpo
176,uVOqev
177,CVlbxEjA
178,KSiPK
179,tLBqHg
180,AgDbXdYnB
181,YKQTHkrc
182,SJGqEk
183,ZBWKKb
184,YcVgY
185,EwAnLof
186,qVoRpaWIa
187,vLEKh
188,gDIJIvDJL
189,kgexA
190,HBUEAXcL
191,NzpJL
192,BEfIdV
193,VEvAv
194,bVmtTun
195,FAmik
196,vyMYO
197,kpZvwsyyXo
198,EIomIwgR
199,RRBcco
200,XQxWcxNKUk
201,PogADeSVT
202,eEgavvYyA
203,lxqnaXOUD
204,WKnTsvt
205,TfoYys
206,HnGdp
207,LChFMq
208,whKLoPqLYS
209,CbLgPW
210,WHuml
211,DhjDhECJ
212,LyRHcyxD
213,KuPiWiJ
214,QIxrqq
215,cQqSBZ
216,KWmyWY
217,Yvnluk
218,vWaMysZ
219,YGtoJxKiW
220,bUWujM
221,JVvou
222,gRODVHOhhl
223,AflPRFFwk
224,VGRmLr
225,wkUVcXqu
226,DJHPGNRX
227,MVeIwd
228,ILHXDsy
229,iTWij
230,aDogsrG
231,jzDeZeMccB
232,aacgZx
233,uJeZi
234,RSDGNlY
235,TIQJchZdv
236,IFDeBOTm
237,kOZzeaOPV
238,wyrzlebhYi
239,yaSfCKF
240,eEykAqNM
241,JnTmEdBDc
242,ZLUAbV
243,cAkag
244,OTGNawCZ
245,XpsWueyny
246,CLRBnc
247,YUyjSDnks
248,wHlky
249,hYSGSrXlD
250,XRduph
251,lwphLTM
252,GmtvWyypCH
253,AxEoOgwQDM
254,YKIOcEQGKZ
255,TJTCQOGct
256,LlLSKn
257,JbjFpw
258,wkBnHSdFMS
259,PCvLzxtuuD
260,MVjwK
261,OKcUxHBm
262,lMemX
263,gvZYErjx
264,yjygfZjqpQ
265,MxGOuUtBnP
266,kOwrhIIi
267,JlwKOVTIak
268,WnPgyBCn
269,OzwDGIpKg
270,KfPGLUA
271,zovXYW
272,EnknecvQeq
273,Ppwqr
274,hzCsILa
275,dqcFQUszT
276,SDQsSt
277,GJDpCNbhu
278,RJXGJLTpw
279,vcAWzNHWK
280,dRKLGmljo
281,FQUoEDZZzT
282,Cfrwttd
283,wdzkirQb
284,mdCmq
285,GHqKFcQn
286,fPPVvxHrIW
287,NPLhw
288,XYibMPso
289,SclNWSWn
290,PmTQAOSdO
291,icAnzEjG
292,qwixSCc
293,ljPwDDqkQK
294,YYgOe
295,YntHzH
296,xtBsqU
297,nCeBdE
298,KhudZRdme
299,YaPaHNhmF
300,stTyc
301,enOQP
302,ylQQnCst
303,UfCvs
304,erdIR
305,IwKcxAsZA
306,uNrpbA
307,LiCnSUk
308,NmplJr
309,MvlOpkeH
310,paYcOMD
311,eiTZWDa
312,XQyJhi
313,mwVuHzA
314,FubJdw
315,ybnPI
316,YKKQrEo
317,TZPpBW
318,ZYUkY
319,ARpEjbYRI
320,zeNypFGnrU
321,cGUmr
322,TjjSGnn
323,pSUTHyX
324,QEZRomEtDj
325,HOeky
326,WxRHOLrn
327,GFHXvQe
328,xXiBaga
329,vKEjk
330,ZiRzv
331,UmBNQqpEkg
332,HTSRIJ
333,fQGSxXxhr
334,vEhIK
335,dJLiCFnHC
336,Drzkuv
337,FQosDAbPfO
338,eEtqGZh
339,SxVoyxGx
340,YyzdcSVC
341,nsszEQcfph
342,NohuyXmaj
343,pojosphR
344,HNjaIFBTeV
345,fTOavAZ
346,IfNeXi
347,oXXxQDQUmn
348,OvpdY
349,XIFhJqI
350,ADHdUqBem
351,XZtbSwDuP
352,Gihmshy
353,jonVFbvx
354,hkskyX
355,pKPaUZxG
356,SMaGec
357,rfertW
358,PuAXhlebA
359,vewpFbzH
360,XZNqql
361,oMEwRrz
362,eOuSclSWVE
363,GgNMDOyjKc
364,VcfJxM
365,OoZgw
366,uCaZOgb
367,GXnjrLfu
368,PGBVXhQw
369,WMaXMU
370,ccEhutJM
371,wwBLUZI
372,EbGRjwyKO
373,NqFajIQVQ
374,OXpBmu
375,YJVrkvScQ
376,xkmMDb
377,BZYru
378,QuYqELBP
379,scTcxl
380,uzeLpwUPC
381,wpkYLtN
382,wQUQxtdC
383,eObOvw
384,vZOqnZQ
385,xmeiv
386,pGCBONx
387,trkcapeF
388,oKwUx
389,IDJrBzA
390,RhIVBIfo
391,tPDPUJNDaq
392,kpMOmzNABM
393,KYFFufA
394,wOcqf
395,BPzTiyO
396,uqVfEf
397,BLzimYccQ
398,IKFJOgF
399,NlBKNaLBzU
400,ukDJbVA
401,rapGF
402,eUGXVblK
403,cASlgdUy
404,LFupIHnfz
405,BuScowgP
406,LWNduivSvi
407,KswdBux
408,UbMooYjeP
409,ioucv
410,jsoXI
411,sLXUN
412,muGgoCf
413,nfPnEilO
414,EJenkW
415,LFYsUTDrb
416,XWmuqAvt
417,hUJKKFXxZc
418,SEqTcGAGmt
419,pOxbs
420,nNaJKdj
421,HXjsfsA
422,FxzRZcUkk
423,kbFfvx
424,PCcZh
425,pvJwbv
426,PtExyEjg
427,QuISPH
428,TILLZquE
429,cxkPhPqXAz
430,LUEAUHqdG
431,KTRtOrr
432,bTIlvzzNv
433,QngwXt
434,mtoCvZcLfX
435,XLkGqsVj
436,AXRoovh
437,voXkb
438,MIPKynoJLa
439,VpSRl
440,zkigGJxXXd
441,KzdSza
442,tumhiah
443,PXMlU
444,eUrxvD
445,XrBezBZjJc
446,mYxOJaEYX
447,aHSYwFTQ
448,VcxwRFZPi
449,rRZJlk
450,RXhoZSK
451,AvFHJZE
452,GctvjXornv
453,vzkJEa
454,LhIEr
455,fIgwpEN
456,KkGavdFwmh
457,qaPdyi
458,qGOmZwNIQg
459,MLJLdzZZ
460,ydepfv
461,mRCnjZUXI
462,BfKsXgdva
463,CZZGg
464,aVJQF
465,iqVcvegTBT
466,KitErzw
467,tmzgPFMmyS
468,JfNkMQ
469,nkxRnNjET
470,RehTp
471,KUZVuqmVs
472,DtBlZQlvZA
473,WHQdKcVg
474,sDaMdcXNl
475,psUWdRNsY
476,cJQOxg
477,tqWdSSYu
478,mmrSA
479,rgxWYzTs
480,yYkxfvv
481,tbaDUeo
482,VhscikVkzy
483,Lyvienuql
484,dnxgfi
485,BWuol
486,Zodax
487,EOBqOHaqV
488,hdlCmb
489,RzgPWJ
490,Papts
491,tEKhqGmBL
492,nHVafI
493,dgxVRwe
494,pCgKVM
495,uoauSbGGU
496,PEBIGKLzt
497,iykQr
498,xONnezUMAQ
499,OPbKlQka
500,HlYBYQlvxd
501,DdqvwPBPvU
502,wYZCCYcT
503,yIRjf
504,OZyqdXy
505,tYbJmGSX
506,mvLgr
507,iverRsqd
508,YaVLC
509,WIeLY
510,mLIvLn
511,muzpfEAOc
512,teJIcbvX
513,tobozdZpNb
514,BzsmVtK
515,NzoJt
516,YmmSIMHDw
517,bghNfWgUkc
518,sRSitnJ
519,aIavFDIJDw
520,Gfuej
521,xQzuMWAlv
522,ADwwGeTO
523,tJgvhNZtw
524,SWQapVIjDy
525,sKPbcuLNm
526,dkifMN
527,HtKMGCv
528,MpLcCW
529,YpdRgDLo
530,EpApzplqBO
531,InmnwfH
532,orZlBfe
533,RpJuJ
534,vhYwjyXa
535,HVWjVSqS
536,UrDSGV
537,EdsPycLP
538,AtjeyFzTYm
539,RnYJxwfHS
540,KuJsxKLIJx
541,KWAOyD
542,OOtzQA
543,DSVZAPFmyk
544,czSlEfCVf
545,VnCDAHt
546,cVJppGT
547,Uezio
548,DJNHTMN
549,uBxzoYkaXT
550,WQUVWio
551,knmcHbjn
552,AKurTIqdv
553,XpGIa
554,DAkqpXKF
555,OtsyYH
556,zHBMVWez
557,RnKUqvieS
558,GifyNAe
559,lDExom
560,uPSoE
561,ksSCsJf
562,tbPFhRt
563,mxDvkkraVY
564,GobEmh
565,rHpSuFm
566,VxEDXsl
567,gVIIb
568,MzBSjtsMb
569,fTGeMX
570,qXMwpwZl
571,WPfraxEfPK
572,iVlqeSwNA
573,DVIqrdLqc
574,eWeFwa
575,znYpSfDO
576,sRwcf
577,VlSTupI
578,fIdtVnwaoY
579,DHglZmv
580,pWSBQIZZ
581,vmQpxQ
582,NijjeNMM
583,pfzXJ
584,GQsSuK
585,dRnhnfj
586,fqunFC
587,cZLbGmP
588,uMROrYD
589,PAbQZTMs
590,pHezVBSq
591,lrExbfHVEg
592,GZfNYm
593,moDrvLzs
594,bMhuok
595,jiJOdNsAr
596,KmKPNqTPmY
597,sUIYVvIu
598,ekWOgpRKek
599,SQgkt
600,WGJqnSd
601,AbLfzgBxpc
602,fgAWG
603,YvCtgQnBa
604,rTFpUjzWoD
605,KIfsOjd
606,faFMYRLQE
607,vSGtEbeup
608,fhUGvPuLD
609,NgnKJV
610,vTnPHTzp
611,EuoMaP
612,KpqGRob
613,lBVjpiZiMt
614,PswMpkpC
615,rVOQsdqGmS
616,SCHjIgyn
617,glNdx
618,eDuTNk
619,ZoaaVqJ
620,WzwdJBHM
621,RXjLx
622,GNJWjwe
623,cqxnZTV
624,WrmGRBeM
625,MPHCe
626,iyVHVEf
627,ERqpdJn
628,IjDNPJFbG
629,XEqBN
630,tOohvi
631,WvdiYRGX
632,iKReeHppPE
633,YhpYt
634,zMBskU
635,GMaKYYViy
636,nqyqfSN
637,VxbXcAPG
638,zuOUr
639,IOYXW
640,SsQCWrn
641,rCCIOKj
642,IIaZSidaV
643,aRjQNPZ
644,lIOgXJmsf
645,jJUjmLAuC
646,hzFVCmWv
647,sJNIEt
648,xfFYBB
649,bMElXfhakc
650,ftcxjLJK
651,CXHnx
652,lfMwz
653,dZDGZNa
654,tAJIZjqDWj
655,uJZMM
656,xatxWTDI
657,xERcqy
658,OEnSaha
659,JOtUQ
660,CUIvpsda
661,awcvvXJiDf
662,PbIKgkZaEO
663,IYObeyLhtm
664,FImoovelc
665,Ikleibge
666,vgJRHLu
667,sjBmpBuPqb
668,WNkBJ
669,JwtwjWkLp
670,rbejH
671,SIqAwyLz
672,QaylYTHBz
673,UVIvBSUrTm
674,YpcIYzzMta
675,MLKGtSdMn
676,YqAGn
677,wqgLu
678,PEenokG
679,AVLRiO
680,ErVUhjp
681,hTzvz
682,OUJpBlyyV
683,zCGiaS
684,QhEYaOiyoL
685,rGEjyERlKG
686,JXDjHdoWq
687,VFoAKmKZ
688,NsMoDiXqzt
689,obZWNfT
690,IwWYw
691,wlNgbl
692,sFuDjIeli
693,adWPelWyZ
694,sJmxkaEUR
695,jXTYz
696,XYYlFxxZ
697,pocwHFiA
698,OStOWnsHqs
699,rMwUerIIPy
700,LtYEsmIBUn
701,DDRbsK
702,kdGBE
703,DtnxdPSiMU
704,wDqOe
705,wXqfkfvd
706,SqtABuw
707,qPAfShD
708,vnGEF
709,gSfehSZTI
710,jJJbSyrku
711,VUHdq
712,CaNMl
713,HASgvSERPR
714,atIgh
715,JewUWRUWW
716,hwvEj
717,JHYPeGzcrX
718,amNdFLTjRh
719,VUWtAMP
720,SPaQh
721,uUSXPtere
722,QNZwo
723,ndBreJ
724,wDTID
725,OJiwmQzu
726,guRJJDp
727,DRAsiGSzcp
728,feGHhRH
729,FTVnGP
730,CJQAZ
731,UiujDpoO
732,InuvIm
733,VYZdjN
734,TJwHvyW
735,ftKLeorVwm
736,ttQCDxsPl
737,NGGhhYTRqC
738,FqTSO
739,ENMfbN
740,fNRkHONKLA
741,VEbmmVQUo
742,emmgA
743,pkrCCAEo
744,XdcHvaCIX
745,shZZMKt
746,qnGqXUAc
747,ZBKcSST
748,eCpUNj
749,EFgYzUeC
750,ZISObXZgX
751,Tvohxcp
752,ekFrsZpAB
753,PcWaqnMxh
754,RNaDKK
755,VBzMTc
756,Ipfbbwu
757,qrRiLhpwi
758,YwekHlJpPF
759,UgKOR
760,HhBlE
761,AhXPkP
762,hnTomTECR
763,jeehxvf
764,BphmCHXIF
765,TcdTPVuGy
766,JvhBD
767,thOSnpUMcO
768,xXYDj
769,laiNp
770,uWLWvfw
771,xNfXAA
772,bbKEbeTMWl
773,NwByB
774,IYHxch
775,uLxaXB
776,DKCTlHA
777,qHNtST
778,PwUgHD
779,KHLOC
780,PRJlKls
781,uJoGvOnEr
782,wINAhPVm
783,rSXgm
784,OTSVZ
785,MbAlvUmx
786,WXMVajZC
787,POgRN
788,sUuqK
789,DfSopWnxo
790,WuJVNzID
791,yXJkAwxlU
792,uUviW
793,DZRUMQlwND
794,iHozgTKbW
795,Utddjbv
796,nPbupvh
797,lQCTP
798,oIhni
799,VSxPhaP
800,ZaYlkGK
801,gMhIuX
802,llYCH
803,rODxAJJ
804,yCjKLcd
805,sLULZg
806,IjkJDzfD
807,mrjrTD
808,hmlnd
809,WzANpOl
810,XeHQn
811,ZtncmwqLk
812,tQgaZRhVN
813,EOQeif
814,uOJoBLo
815,UOBVzoctY
816,kGfJSWlxI
817,PSzrofav
818,BHZpRRuq
819,XgqIxZjok
820,sLqUhghi
821,RXRoJRcMsD
822,MzHoQo
823,cEzWd
824,mWdimj
825,NmqtOnm
826,BTdzh
827,EnQbH
828,fFtIM
829,cjcCCr
830,feYnAxMCuP
831,oTuvZ
832,DkgSf
833,nuwkl
834,gcZqj
835,rTyLEeQUpD
836,lHvftjto
837,PrWhoFbM
838,WFsaFEUtB
839,KWFiqj
840,gAUATj
841,XJXPv
842,yCadNqM
843,AVwLZ
844,wwRlXMo
845,LLjLQogcAE
846,JUCAFnJ
847,pmpIlqVU
848,PCtxFoV
849,YSLrfQ
850,nJZJsoVL
851,lnsrsS
852,qUgyIMsgI
853,lKMVhiaqvL
854,ieRNNesjr
855,jpoyRqr
856,stGjpPXs
857,TsVBGkqA
858,HTeCc
859,YqvpPwHwz
860,whLRo
861,iaGEjX
862,ipDSSDm
863,mBJVD
864,bwJlZO
865,MmyNyyJ
866,nueCyJxRZ
867,KYJGGpofZ
868,ZpnMxiPc
869,fZIobmzlUH
870,HwIlxTMVKH
871,gnJAboTVo
872,Zgjafb
873,IZBrmTgHlm
874,hrLWrTF
875,hYKNP
876,ExIjFgI
877,NzKOIulPDj
878,VNkapJmLk
879,ssMmR
880,HcyqCuF
881,GTEUQxjE
882,JWdmeTzsFa
883,zGxdY
884,sEyOFvxdyv
885,vUCWH
886,rxJUwVqYM
887,yxcmvkGGp
888,pRwYI
889,bwNWjgGT
890,RxizYWtvIa
891,nxEbhSboXv
892,KuMhNlBen
893,MuSwEcpXbj
894,AmmJtx
895,wFBqT
896,ZOAmsa
897,AbDnB
898,KSkhqAm
899,qwCkYn
900,MYgfLlRCsv
901,WlNZLpE
902,quCuxTMkh
903,hLUqnaPvdy
904,eIKSKZqw
905,itYxrrVYem
906,hJhOFkoODT
907,mtuZFyu
908,tYuxxmfCKW
909,kMMxKZADcC
910,DdReLnpP
911,FVDlCkRejq
912,tPvTu
913,GNiBINe
914,dFyJL
915,LuTPiqQJV
916,yEyujjNAg
917,wYdREhoK
918,BwFyKWG
919,LVIatnYG
920,JFqxxP
921,TXksLCh
922,hsMmrVaWtl
923,PSvVEcn
924,NdGtbgpoF
925,gIqamaTpqh
926,gJbfE
927,eogUMwTL
928,geqPwRfeKV
929,DeShfSso
930,ZNKHZYT
931,KbHMyri
932,oWyqxXPaKk
933,OgaXJkCf
934,OPRKzxnEo
935,Cvvja
936,SnxvSQJA
937,UMaZhbzh
938,NEoVUOnxH
939,GPHPy
940,vZimYapEZP
941,IkDDoW
942,MFEbudXRTM
943,MnbHVkRkS
944,tMNVCWek
945,RUGNbvs
946,SbUzsC
947,MZNXyZDcwC
948,mOTXRAynP
949,xVWEevxMwn
950,zxBeKjY
951,VLoAUi
952,zhPcvlLAJ
953,jFbfzvBq
954,MITneafh
955,gKsxdPESqz
956,srBAZ
957,OdZKFgDaJ
958,gtoBCNJEoU
959,rlzxyM
960,OkpmSe
961,oFcguKAZ
962,ENcScPelWA
963,QmYiYW
964,ITDdnZYLOX
965,yScZbh
966,TFGExa
967,ISDgoACnw
968,ZelUiF
969,xCcLl
970,uDBStDEJZt
971,WoBWuSW
972,qOqMNtio
973,YYNNd
974,PGsShg
975,DCskRVIeau
976,pbcma
977,moCtsqnP
978,cIuyEETK
979,PhvtzFTb
980,ZWOJWjCrU
981,LJXwXInKv
982,gXdvxO
983,IbsJeG
984,fzFkGuz
985,ZYtVrrykc
986,tgtHhYFmD
987,lsairx
988,mbCeLXO
989,LKbntbVE
990,nSfHRDqro
991,RDpOqT
992,NMdUomZi
993,kxhvmjB
994,scTYppph
995,GLnSKJmGKw
996,cUoffA
997,jOdTEr
998,YBOnwxD
999,ZEWZnFv
1000,cctMkVClhq
1001,lrzzlKTbx
1002,VnIRADWwX
1003,EvFHxIbsT
1004,SQUGNSuntX
1005,vpwKVZeV
1006,DyNSV
1007,rcBplvCCv
1008,OKYWqENmRH
1009,lSINtEEA
1010,PuUnCRhJ
1011,NlfKCC
1012,UVQCaqSpwD
1013,dhPNrD
1014,kIatUnu
1015,UXnGfia
1016,DptCZ
1017,IKatGdmQMi
1018,OCVZJT
1019,NQpTbFNBo
1020,LcreaMo
1021,gHIOv
1022,ArcdLU
1023,ESmyA
1024,rxBtL
1025,bpUjHsQBIj
1026,EIFpHfs
1027,cwBfQKsAVg
1028,BwPEjjq
1029,cTyOxWa
1030,wVOzHtK
1031,ZGGuCrRvtD
1032,WUkWDpu
1033,EsfTcGP
1034,xyTxJdltic
1035,jqhAw
1036,IjwjCBsQ
1037,uNgjga
1038,zoCysDS
1039,amMkkAIyr
1040,norEzsvO
1041,VdRHcef
1042,bwmnnPSr
1043,bsgcgth
1044,QirgJUTLX
1045,JfoddlM
1046,zWgoeN
1047,GSgyIpsIxY
1048,qCMkC
1049,dCckad
1050,HLoRzrKEIT
1051,FGuLsQB
1052,teWea
1053,PxOdheSZ
1054,tKGjI
1055,ZvJJtCn
1056,eqmMfw
1057,xrGGIb
1058,RajbGnaOR
1059,rUCIIFYk
1060,DpBSmSyw
1061,ejNWdN
1062,ZCQhtC
1063,YqxZFXpGFM
1064,wgyUatCvDT
1065,xYjOgxtyP
1066,hVSHdkGvBg
1067,txnojsh
1068,ImkGPbqyaL
1069,kpPyTajtpa
1070,alJZiI
1071,DyzMWIeu
1072,eJnCCHP
1073,VrQtf
1074,rkFrLll
1075,ppvSauJhKb
1076,DSyWh
1077,HrHdjc
1078,LEllDD
1079,kmGCH
1080,YuGNlS
1081,BrDymxyAUO
1082,BdnHa
1083,CPCbu
1084,itRKpPXnM
1085,NqjPkI
1086,WVaHoynM
1087,CSXykZpUX
1088,DGeKeufccl
1089,WkrEFOB
1090,FOaAHO
1091,gqfEE
1092,KQyasYmvaC
1093,UdWRk
1094,oYGvLqj
1095,FblKRCw
1096,NgNowFDLa
1097,YdEQjWiLO
1098,pFDCCCsE
1099,rZEfmETZ
1100,yhUfUq
1101,xBDyMQyWo
1102,ILXorFM
1103,VTRUaoTwgJ
1104,JOyruS
1105,CvdbHLbou
1106,DfzLEME
1107,dixib
1108,ufMkU
1109,LUiuPYjed
1110,SxSUSlVLU
1111,PNdIQNv
1112,eYuHOzsfCT
1113,ATaBGnn
1114,fGduLucfw
1115,CqhRktIg
1116,fCyLn
1117,xqBXY
1118,CRKOsJwD
1119,IEibXIyQ
1120,Rikldkuj
1121,MUBrtlK
1122,QOquCSPOL
1123,kwdHhAru
1124,MGFWUtrLoH
1125,xctvCkzTIR
1126,rzmizKAQ
1127,AGxEKdPIy
1128,qvDklt
1129,YMUIAJOJtN
1130,JrbBPXHJa
1131,yPmJesxEu
1132,DOTtBsFQV
1133,rQXdbtF
1134,SRHXJuWh
1135,daiPN
1136,GnnaWUH
1137,aYOgMDgl
1138,HvDKMXwox
1139,ayrIZwX
1140,XxjOlVeES
1141,FTpLIjBwc
1142,CPjDdOMERz
1143,ZAlRdyKav
1144,QGfShyxPHk
1145,bLUxHHIaIn
1146,cFsCHDYlwC
1147,uETJzdKiL
1148,ZWqvgdqw
1149,GlLcO
1150,nVMUtGLv
1151,NfwSefcfgf
1152,TOiwh
1153,VPClsAXln
1154,upZOGzvCn
1155,ebVrKjG
1156,uGFjPARcq
1157,qjBLE
1158,kitkADQC
1159,pCNTl
1160,kZVjo
1161,hfkprU
1162,ksDWZukrF
1163,ZbMYeHVtu
1164,otOaRmNWkb
1165,pSfiTfZxz
1166,qjwaJHVhPz
1167,qHMbaHPzKj
1168,cvOIeIAanx
1169,cuaPf
1170,XUcQkcEyN
1171,pinaBOwL
1172,mAUtH
1173,rgOKZlUb
1174,bNqJR
1175,cTctocYfqR
1176,RuhcLBq
1177,pOKtY
1178,VfnuORXWSp
1179,oPQRwHN
1180,dOGFzDbbN
1181,lNPCUckhbQ
1182,hgmboWUtR
1183,fnfmlDgUiB
1184,PgqNIBIFQd
1185,ImxmS
1186,vGjEj
1187,zChqPLM
1188,KAXbfJWuWV
1189,cwYbUfyX
1190,QHHBruXq
1191,fhpkJMI
1192,PbOYVsXBbD
1193,VZkJgxAe
1194,DPErhnuX
1195,aaHbpc
1196,opqCV
1197,wtkwJpO
1198,dkcvpnGVE
1199,NiEGbBp
1200,WmPubNSJ
1201,zNvTjIhBOj
1202,MdFdFpU
1203,uXfklNau
1204,qMDMQvWWUf
1205,gxreP
1206,XhsBhd
1207,qOZnE
1208,nwoWrju
1209,YtTuN
1210,OObBUPfj
1211,vyFwkxilwT
1212,jKTDHS
1213,nasXLGmR
1214,zPlqCKTntY
1215,GRZLGHAql
1216,qOYdj
1217,VKHQOFvyiz
1218,FWaAcZ
1219,tXoZzw
1220,XGXAW
1221,kDoofVEXV
1222,gCteDv
1223,AiRYnTDnQ
1224,PywKQAvu
1225,DAYOHicrxu
1226,kvnSmi
1227,WXnqt
1228,JqjHU
1229,EIpGp
1230,nzDOXI
1231,RkAAMge
1232,LGnSDnY
1233,JjVCqDNJT
1234,CisIJSEAJ
1235,mPrTzJX
1236,KrGFVySu
1237,EVdyYRGpP
1238,RbISVJAnl
1239,qzoTeeDC
1240,mvweGWbVj
1241,pwchppRyd
1242,qqcQX
1243,FjTmHxNqL
1244,RKynSDvlu
1245,UfgMt
1246,iIrgpR
1247,uFYpyB
1248,aCHorMvBB
1249,PvZTQy
1250,tKvBJS
1251,RFoJxre
1252,YXYIQ
1253,vjKNp
1254,FctBGDJW
1255,bjAbhwsiW
1256,rTgXv
1257,wLOQbNRvC
1258,TRmVLFPxM
1259,BJFeKzJ
1260,dAyTKOq
1261,qxvPW
1262,lyECwSVu
1263,iVXpaPRyYd
1264,bXzOWj
1265,MaxrmEMBY
1266,pXzmji
1267,FXptrmxDvQ
1268,rjwWcuAnPv
1269,nHcKqXCRq
1270,aERJMl
1271,utanxPf
1272,jLwalbP
1273,szpdIb
1274,ZEpcBky
1275,vpDFlLAqNz
1276,xJEJDnmObV
1277,iqhqHgPL
1278,kadQL
1279,UowzcqpV
1280,RkczHtEyDH
1281,QkDDdQGp
1282,WknPAtgY
1283,eYEDBdfiQ
1284,IowmiAhSf
1285,LKfPzFl
1286,vqrTDfxs
1287,StRZOGqSeD
1288,sXDmceLi
1289,gspbPSiO
1290,UhVyx
1291,wKHeI
1292,rdOJmuIeA
1293,vgagckZPKY
1294,hijdkIqcQ
1295,bVghVnJ
1296,qITaqNnp
1297,IQSrFVa
1298,pRUvImm
1299,wODKo
1300,hMhbXK
1301,zoQcAFTs
1302,erITawdTz
1303,yeeem
1304,jFsaTFED
1305,QEyhYZr
1306,YMhKPk
1307,cvZBGMvm
1308,YmreRv
1309,YevbDCrhQc
1310,MYlqehx
1311,wRUXxWcv
1312,jhSgGkRR
1313,FgHHd
1314,MsiyTAv
1315,iFSaYhPy
1316,rTSKOjEV
1317,CsvGUHcgwE
1318,ALrSrQYfF
1319,RxzrwkPzQW
1320,pRghJnQ
1321,JrKyX
1322,dOkzvu
1323,kizdtc
1324,VnKDUP
1325,eCVlu
1326,GoEfXDUOn
1327,NQWYmKE
1328,VQYyb
1329,vBsyfwFOoq
1330,qJwCC
1331,pJqKvaIXo
1332,stljXCTF
1333,LIiKwn
1334,MpGGzdyf
1335,LtQNwJjWl
1336,RrXkMcqZe
1337,svCVk
1338,LxTTB
1339,pnKVo
1340,UycZhJ
1341,CQmez
1342,KkgMtuUnj
1343,JRKhH
1344,qGofqjo
1345,vVvWQwi
1346,KutdtQq
1347,TTkPbig
1348,fxLsRpEZ
1349,fKAYeSDn
1350,lfjfodFGN
1351,QPoKV
1352,MRlsj
1353,KIPWlb
1354,ytGKIaEjm
1355,dAurVloH
1356,IrCIJUD
1357,RvZLGQKB
1358,UvSttMyBjm
1359,RSFfVhqAvo
1360,EQekDU
1361,VoiryBis
1362,tESlCBfOVt
1363,ZDPRN
1364,RcfyiNUJW
1365,PADJrXsc
1366,LUbxB
1367,mxfqw
1368,dklfQ
1369,UyiHfc
1370,gvyoPTNG
1371,HBxhXfHE
1372,reJMX
1373,fOVre
1374,MIljJJcR
1375,yeqdjPxOQG
1376,elpnpsA
1377,VseCogKQ
1378,FXEJKfXK
1379,jqEIjJ
1380,VNxXxSN
1381,koFNt
1382,xbAjsemTG
1383,QpvHDdxRDA
1384,nRTtGCXpi
1385,DhNFkFjM
1386,yZpHis
1387,YXSbkhIJex
1388,KeYZscrTgw
1389,GwBAi
1390,CrxHHzScc
1391,MgRYMk
1392,iXPXVXUUN
1393,fDDZwbRQh
1394,TyhUiVVpr
1395,eSLLwSFqx
1396,sLamqZLQDE
1397,JYjEhlo
1398,fTxQYfjI
1399,TTfDjqzk
1400,CkLjwYJ
1401,pzVxMzM
1402,rhljKlO
1403,CtNsZWCGc
1404,RcmTJCVsK
1405,pFAJXmQoX
1406,dwZwg
1407,rKFufbVCXM
1408,vfcEL
1409,GDritlo
1410,HvRXCtQqB
1411,VsTllZ
1412,vZREzZsb
1413,CMFxNokgn
1414,ZebPR
1415,GSvyJO
1416,bgwqqDoJ
1417,kKZaz
1418,KOpCs
1419,LDCvNhZ
1420,DGqxQSaIZm
1421,QGqlM
1422,txLXrnCzJC
1423,IfXzc
1424,veNTpluF
1425,IpDMs
1426,lzvqSuYw
1427,RoHlYD
1428,cHtpxUu
1429,nwtkvmyiLc
1430,SWESrOxa
1431,lqhsulz
1432,qwXIt
1433,lGNhpXD
1434,HhedPG
1435,kbdKH
1436,WVHNQWr
1437,HLtDeIYQ
1438,xsnrfEEbZu
1439,xfjRklOYAE
1440,GeSDhPZwj
1441,NWPTP
1442,DPjRo
1443,wjCwv
1444,dBCsI
1445,ebZxDRm
1446,pdawqATFKA
1447,NWKNuOpte
1448,cBHEafA
1449,LHbNklfJ
1450,rAQJITSAFI
1451,heghZlbr
1452,HfRbhEd
1453,SXQnbgN
1454,XSZuKwsin
1455,DazxQdEr
1456,LMAHBlWkNb
1457,aZjDgNlQIL
1458,FSEhefa
1459,aJzeUMhwS
1460,iWtWGBz
1461,kfvuCtS
1462,PXqzmwXdfk
1463,nqhPxBPLq
1464,VvaTXJuqTl
1465,gqmIIynVb
1466,vrYfNzxAa
1467,xvDTZzPR
1468,jDAMMc
1469,MTgkOlfR
1470,mRluK
1471,EYMtyDe
1472,DvsHWcKbt
1473,eYcGBUqOs
1474,ZGdokiB
1475,qowUZuo
1476,AaLMPUkNoG
1477,ZshNrr
1478,hnSeFeMWc
1479,hvigqjyZ
1480,JLPsSPXi
1481,dHxVDnTaz
1482,pDqeZBJD
1483,LddyJtAks
1484,emtGcmkjWG
1485,NHpny
1486,WJcpzzRG
1487,DkKKeY
1488,yLNaCduN
1489,oWkYDMLSZX
1490,ThnEXtc
1491,WRlGYA
1492,FETpJfCVLR
1493,zMdjYIMX
1494,bAgwsuN
1495,OMFGM
1496,rYWdLxhqXc
1497,ybtXIO
1498,RdVMOT
1499,ROLrR
1500,gXPUY
1501,bylByiR
1502,bUvYEo
1503,PHfBsBRY
1504,EBuXHu
1505,aLwbSCym
1506,qkmVdu
1507,TaLYW
1508,DpjfUsglA
1509,Yrpho
1510,zgaxh
1511,lwOwq
1512,MgEIeD
1513,JbtByaaYl
1514,DriTZaxZr
1515,nYEEDXe
1516,WnpXBDh
1517,oCjVSo
1518,wlCEDPALvi
1519,beqEA
1520,UWYfcVTKU
1521,uSOjsYlBKi
1522,mKgCucKo
1523,rrrdYQnr
1524,kHuxbUgE
1525,FUKNoAPNCm
1526,TpQnuumxpW
1527,TdhYfrs
1528,JMUSfaCN
1529,ETOtP
1530,LAXocRlv
1531,vIdgOOwI
1532,OgDvtB
1533,DTBjxgwNDT
1534,JzqzNT
1535,sMWFK
1536,XEYDPEX
1537,UmooBb
1538,JdFrh
1539,fyBXXrSof
1540,VcEkDUnXNO
1541,JMeJh
1542,IqbeRg
1543,WHelWj
1544,OVTfGHyT
1545,GQdqvzij
1546,VkWdwYRDA
1547,RzZuul
1548,iDvTZ
1549,ITMLLolEoa
1550,UlyouGRPjA
1551,nbrRbFbKfe
1552,jwaVCak
1553,KkxYaFks
1554,tILpVi
1555,huEGxyv
1556,zNbBsyz
1557,EBmivaIJYt
1558,WyWHyZefRk
1559,DFEVpe
1560,tyEzUfyqtR
1561,VohvsjI
1562,IYTfZ
1563,GhJUrrl
1564,RcqJD
1565,CDZEW
1566,rjfAKwGVqU
1567,JAzdWRsYC
1568,BwxQP
1569,dXycgUJX
1570,ysMCsZxbs
1571,SJuxGY
1572,eIimfJepwu
1573,UTxvA
1574,CigQWSMT
1575,TumTa
1576,XiZDTW
1577,nGosrHW
1578,ZeimeW
1579,miLEZENBMe
1580,UsGrDseY
1581,RKekea
1582,zVuUUfde
1583,UETyyKZD
1584,efdbRb
1585,PMlnw
1586,pJPdCLuY
1587,isbdxhdq
1588,lZqfaC
1589,OWPhW
1590,nNFlaUdXj
1591,dfUnbPMT
1592,mTBibhrytv
1593,vqfJvESR
1594,liyNiiMwH
1595,LEOfW
1596,YeyHnH
1597,SlxDDlex
1598,fHzyVhS
1599,JyHkSY
1600,VNMCFFni
1601,xbKXnjTYwv
1602,kwmrMnn
1603,WbjKfeXKdw
1604,HddsfBmufu
1605,wNYurJH
1606,cNuqCNk
1607,kfmYWlfhxy
1608,lTNScc
1609,vVSMKPN
1610,ExPZaRhMq
1611,jGQbDOsW
1612,NurYBCEP
1613,ltsIxyZk
1614,kkOqLv
1615,IuWImYY
1616,RoBwFhvWw
1617,kcXbd
1618,gTwPm
1619,yffduDaO
1620,OTZRg
1621,IkuORcCl
1622,JNhefDz
1623,ujpwf
1624,SSlOySu
1625,KmPkLmsZI
1626,pRAUk
1627,DPcptZpx
1628,bOKSs
1629,NITHEIKrMZ
1630,PSsnzJToUB
1631,gqLmapoZCO
1632,RVmkMjInCA
1633,STerxjmfWI
1634,dgyaHX
1635,wddetMifO
1636,sVFZGHr
1637,qNRHFdyBWE
1638,FnHetVunVm
1639,SfziNaMF
1640,qSibCT
1641,jaZAAGdiN
1642,wfsXRsG
1643,GoDRlb
1644,wILlJydi
1645,SWhCHqbnL
1646,loKccuvea
1647,ERahHt
1648,LOIFHbh
1649,muSix
1650,aEVgYF
1651,sRnCjHZZ
1652,ehHTDNrxvF
1653,dPqnDU
1654,Kzwhy
1655,mQPhnLLm
1656,fpKBUvU
1657,uFWFFAzw
1658,vFtjjEAP
1659,xWSOnXet
1660,oVRChUZ
1661,ElRwfCY
1662,ZFZxS
1663,aYuvxyuY
1664,qeHnkba
1665,YBrYJsU
1666,FqclU
1667,qqDqOuu
1668,CcPRbPG
1669,CzNMTQst
1670,bNnSLwEK
1671,lJgmM
1672,SUDpy
1673,HiEBihdmi
1674,MyCYl
1675,yjMuPuqKx
1676,yXEDCElU
1677,EBvdadJECg
1678,rOPmUhRY
1679,ooftQ
1680,iNwIUSXks
1681,LPZplzrpYp
1682,DcGtRbwBQe
1683,yBRbkdyuL
1684,jgsDbGZOPr
1685,gqFgEqJSHf
1686,pUXeOpjcyi
1687,BSqVYlrMg
1688,iujUhj
1689,ZJSop
1690,PNlhII
1691,kCGHS
1692,gqAbveVF
1693,EDGZmj
1694,jHpDzNot
1695,GhJnKzk
1696,wzRRGoNcHM
1697,ZnTHsjkp
1698,AMODr
1699,dbDDhbkvux
1700,NdmWcAfy
1701,QSGQlQLil
1702,KpMDwqnN
1703,KuxmytW
1704,fmrWJoLKTi
1705,FHvEUc
1706,gjLZUuvXO
1707,FefsKAp
1708,NZvHrZaQn
1709,oRCJQGZT
1710,ogXBzEf
1711,SgBfRT
1712,MGxlaf
1713,uFxDd
1714,szUlB
1715,NhbhWRxd
1716,oFUnUXGPzJ
1717,wUNpXUfCOQ
1718,UaAnlu
1719,xoJNpcD
1720,RnbhqnxE
1721,UMFgecYg
1722,lmBKBlY
1723,kmuCU
1724,XgNmy
1725,sdFVQn
1726,xXroBIk
1727,oSRYdWAKOc
1728,tGyzKG
1729,kjpcpQ
1730,aJqay
1731,EySuFwtlv
1732,XZFzWNNe
1733,snEzk
1734,WSFAAQZ
1735,weClECb
1736,lFRZXM
1737,pgiERkgvsI
1738,PkLDQny
1739,HewXdnmw
1740,ZVuEAEJu
1741,kGnTC
1742,BdqStC
1743,YPggEJSI
1744,JNESVkQQ
1745,KoyxP
1746,ugMAlgTXlk
1747,YbpVtyJRIk
1748,duNZPl
1749,GVyPS
1750,fZwVOdipAP
1751,oKJUJGIIYW
1752,DWYdbu
1753,WssMvRGz
1754,GaKdeGlYIR
1755,FyEWWIT
1756,NwnPvRC
1757,xwPGvu
1758,BUDTAS
1759,XKXwGtB
1760,qrQjZ
1761,DhCAru
1762,uImKW
1763,KmKGyNVwIW
1764,GdqiSOKuHC
1765,XBxnEGXA
1766,gftLwOYcdN
1767,EVWTWPCtyj
1768,saNhdPkY
1769,bYAGqqVwpB
1770,tXXsAIf
1771,YIXyEM
1772,BMXfRHIaV
1773,GbNwc
1774,LrDzIkf
1775,mKBMI
1776,CkUpnC
1777,XXxVha
1778,YwkmdOWaxb
1779,hiPLZbYzr
1780,GaqRFdgIq
1781,ZNKELr
1782,CnbscZtN
1783,wfkZwi
1784,YeXPdLU
1785,hLZJcqAir
1786,ybqjlJK
1787,SsiaJzgoAz
1788,TByIPsIG
1789,iTGHC
1790,qSOmKDY
1791,IPpafed
1792,FmwkwnsX
1793,WqklThjZ
1794,zarAeIthqS
1795,qkBQBZSbjZ
1796,hjHcbHVjJ
1797,XMKLVt
1798,PessHFi
1799,MQsMMsr
1800,sjcNtoDerN
1801,DOqsBIFQ
1802,VLehBfDaVI
1803,CIuLlGCCD
1804,ALtGxsc
1805,VZMbr
1806,XAQrSEv
1807,FiVFpGNc
1808,oQNlSDsLze
1809,AAXTGJ
1810,lhPszBICL
1811,JNOFFygUvf
1812,HWYgNflS
1813,htKpLJtvvP
1814,jDPTP
1815,lCmMpb
1816,LyIcewZ
1817,pjixIz
1818,EEoivdanVn
1819,JIBHNyq
1820,OEFQSVBtmU
1821,CMoacfttg
1822,JHUcrq
1823,FaQZrkkv
1824,LHirQIoiBR
1825,kWxnQEtult
1826,yyaclKfEpT
1827,BfMECl
1828,hthVhEM
1829,XLEAJqoDB
1830,vqtWyldg
1831,ePLLMXIgg
1832,lUKWVLHe
1833,ycQQrK
1834,RFQkEn
1835,RFIIY
1836,PnHePrZqr
1837,cpqOvebEK
1838,cgSRfnaRwa
1839,rMKaLKOSA
1840,vaYlKKFNe
1841,EGAtuZXfH
1842,suEGDqQAS
1843,OSfWK
1844,vekhMy
1845,FnKAOiFynp
1846,hVXIdNVTPa
1847,KuiVE
1848,XhPfbmoKR
1849,OelaqolUzF
1850,IQmGb
1851,XxagKgWUn
1852,hvmsCipxND
1853,BlmLTi
1854,VqGhJxaLKO
1855,DUIPPPLF
1856,ueXaDqBFxf
1857,driLDE
1858,HVijQ
1859,FWvBiVHU
1860,UEewFJOmZ
1861,SzhimScDv
1862,FuoTHiAdBY
1863,EKgik
1864,SXTWYizp
1865,qPoHJgQ
1866,oMFHKBQ
1867,FQDCgXz
1868,PeQcNsQocH
1869,xGpKFHS
1870,wQOuKXoOH
1871,yWjPV
1872,qrqmMELz
1873,EbJFyt
1874,danbTk
1875,wBebjYOC
1876,iCLZrBRU
1877,CehEFTEqx
1878,uappoGA
1879,xppWfgEDiQ
1880,FOOqxNkrkY
1881,odfasHLx
1882,aYedv
1883,vhNfslJ
1884,qMmfHy
1885,GXRXXFmmV
1886,rbVHKw
1887,HzWvgD
1888,idVPuRB
1889,rcxCCcLm
1890,UrkrCqKJ
1891,joGoRzEdT
1892,IeOTl
1893,zsrDO
1894,BastjqklP
1895,IQxNlm
1896,QwagfzjqMC
1897,KXLUCXjR
1898,ZuUPxqDuC
1899,kKEtPJM
1900,mFIxLwvtMt
1901,XZGzVIwtGd
1902,mhiiPTtL
1903,jnnzZ
1904,HaOnpBYlsn
1905,smhEyHfqLT
1906,NhUSoSFUos
1907,VFaSbr
1908,XVSjFnio
1909,SpIDXNypfW
1910,PYvQClv
1911,xepzZJfuox
1912,mWRvE
1913,ZYmFDz
1914,xfYPGeIN
1915,GJHsjpbOxn
1916,ffNqymrYeW
1917,PVQvowOaAh
1918,UNioSb
1919,txjxA
1920,WCHiP
1921,YLIfVLd
1922,gcZrFOtM
1923,NpNjWoX
1924,dzidkmiWuC
1925,ezfoPlfRf
1926,ISNblAgT
1927,palAO
1928,RwwBHPS
1929,ikcmB
1930,uUtuAwUo
1931,IOZBSM
1932,DTFER
1933,ljfMUYC
1934,LCPLlHyM
1935,SStcEQg
1936,YpTRyzpA
1937,yUclwXe
1938,phchfMMEEW
1939,jBRde
1940,tnnCTtjmx
1941,ElrcqBb
1942,pHnPlEHsuv
1943,TJzEyp
1944,wBUIJoXo
1945,ggRhye
1946,xEzjBmrc
1947,oVCesCq
1948,ckPZqlvb
1949,xVfSjgs
1950,plDfUliCp
1951,UZGFqX
1952,WjuGEg
1953,KJive
1954,ptCLZa
1955,hfTDbRR
1956,TioITTzWq
1957,kfazTrhQ
1958,twjSUoDr
1959,VKpiliWPbB
1960,cANoitktyo
1961,VYXyimII
1962,WSBLoZ
1963,cNzjFBP
1964,OOJcXS
1965,bXULV
1966,sqkKKayn
1967,jxMeLQhes
1968,dGckDkGtat
1969,zKqMbHH
1970,CAbUwnex
1971,SlmNbwsz
1972,RLZQvhdy
1973,WwxILZyd
1974,dKDoVxyDVK
1975,zAmnrcB
1976,bVlBezVJb
1977,ZaFlA
1978,EussaVuGAI
1979,dBkVvBh
1980,ULdhj
1981,BkVoVQWPn
1982,OBhLpDM
1983,DScCy
1984,QOoZhus
1985,cYuVlmMjtY
1986,XoZbmD
1987,JXGLrD
1988,rBotDd
1989,cIduPDpE
1990,qgrhI
1991,EFYqTUWp
1992,ReQpMJRM
1993,NNkWge
1994,dHsCTGhBwB
1995,ftSxSpyqi
1996,QjQeuBk
1997,sfprt
1998,dEHRRVGzO
1999,BBcXs
2000,CvouksI
2001,InXIqlC
2002,TDZrgJ
2003,OyLOLtgU
2004,ZoYjt
2005,JNPwbcbj
2006,hbAWpQ
2007,iVooVjGh
2008,JSxHK
2009,LtQsifPJ
2010,Ksovxx
2011,GkVHBa
2012,VlMyzDwByw
2013,sictd
2014,zikoPLcs
2015,YDGgasc
2016,cRsObWj
2017,yMYNzKRjkM
2018,cOlbXG
2019,JyFuCtSKN
2020,bZhzHn
2021,Mmlxd
2022,gZhpZZxrtU
2023,RMXjPuE
2024,AuWMQu
2025,yMmbGlDMSb
2026,KALTLcLof
2027,WmmkXbOL
2028,EfDHGf
2029,eTTqprty
2030,QJxYiffMM
2031,yLSQlQdz
2032,usutLOP
2033,asIrPkeT
2034,sbyaPrdFmf
2035,tCvrZytXbw
2036,yvQsGtZjog
2037,uIbVAfgc
2038,RFxpy
2039,WQBjHOeST
2040,HaYcvpSY
2041,XkorIQ
2042,cTlxt
2043,LRDtNBt
2044,HeDPMQ
2045,xWRlsntMEW
2046,QwYKMQKrKi
2047,IQVZG
2048,ILtclnHjV
2049,NFDQoWWTN
2050,rlkpRgRc
2051,uJBTUfBe
2052,brzAYO
2053,dmjHtqBg
2054,EmFaEjqypS
2055,fAptOGSV
2056,oaOSyVvL
2057,rtXVtBVwm
2058,plZcfarIeq
2059,sqOupQhA
2060,oDyHsU
2061,JqvealiiY
2062,tBMTkhFfD
2063,xviFRO
2064,fqwxm
2065,sQNSlHpUR
2066,UCetjcOg
2067,lNASVgfHeg
2068,ObCxJ
2069,VoXnfUNB
2070,vCWKBhH
2071,qMjRDlzeS
2072,kOuPtIYK
2073,ZEUatfZCo
2074,VrylL
2075,eUBMHTjIM
2076,raNoaDti
2077,euSIXFu
2078,WXNaTD
2079,ZisVSgXsTI
2080,sBsfIx
2081,eGRgXrgw
2082,jbewLpZ
2083,eAoXqax
2084,SrrGKnni
2085,mcdRT
2086,QKuMtPB
2087,IuXKAIEW
2088,nLqUx
2089,hJdsAKvERs
2090,WiNWND
2091,LoRvn
2092,BnxpwEIH
2093,snENAaeCw
2094,VJDMsKXN
2095,SrNzl
2096,UJrNxR
2097,AGcuvWotqO
2098,IFwodMjDVh
2099,FYbRSdu
2100,jhUNG
2101,OBSbfyW
2102,aNHowK
2103,vfTsAOuyNj
2104,uJiPz
2105,ALrex
2106,yyQyViC
2107,TZyvjiu
2108,WyCKHJ
2109,KzPcIzG
2110,DNjWF
2111,fKcsLPE
2112,lWVBjGhO
2113,XGnTEtJb
2114,KQHIIssTqr
2115,WfnZluFh
2116,QSmTylajpe
2117,FbSfTBu
2118,LTZqG
2119,FKSOmZs
2120,qkKMH
2121,tWbOoJx
2122,CpEfs
2123,JsBYk
2124,wXsWRN
2125,qySBRN
2126,FKdyXkFMwn
2127,lTomgcJHE
2128,sOqEK
2129,QMBpkDyIZ
2130,RLkjuyD
2131,bBPhyg
2132,UcPSoBESk
2133,SVCUe
2134,NuHamKjr
2135,ytvPV
2136,knHVor
2137,CpkBps
2138,sIKrAc
2139,xmAdKbms
2140,NXlMKyqW
2141,QEEpWEQjhk
2142,AEGkckvKXT
2143,PKBoIf
2144,jMbNrHg
2145,lQqodDPR
2146,KcyPtl
2147,LBWIYWbTGP
2148,uKsAZ
2149,rHkqfZ
2150,qMRbPqoFbT
2151,pDefD
2152,RqZvLwFChF
2153,DLbyqCuD
2154,RtmIRPAg
2155,IHAKoYEExy
2156,AkhOrIoHe
2157,ltYtjC
2158,lMrBh
2159,eNyQZk
2160,Nqvahq
2161,GEsTPVxz
2162,BezWpFAnod
2163,Iqxuod
2164,mlTwFNA
2165,HSxtzDjgB
2166,VogHw
2167,vjaQNpzKEL
2168,HlgWBcU
2169,Arpqy
2170,fTJfumBLg
2171,vblGkBs
2172,BiyNvWui
2173,XeddwgRg
2174,SeyUz
2175,uohNcrzj
2176,dcsCEjiJM
2177,kiGpSwjJZ
2178,prqJq
2179,DNKvuLgk
2180,vRTsWe
2181,WOEuAbttm
2182,OJzfhJYS
2183,NGsyETXGj
2184,yldKyALiIZ
2185,vChRFra
2186,ASJWrl
2187,UjBYBx
2188,VYvcOhIqdo
2189,ynhXz
2190,nVocLU
2191,Inonj
2192,JNgaxvC
2193,wPXkc
2194,YxCaTF
2195,ZDJuU
2196,CuICogVwL
2197,NbEYrVpA
2198,MDsXK
2199,muoQdHoKK
2200,LyVuDEtLsT
2201,LeJclr
2202,vHEILTOcN
2203,QwlIXKoK
2204,uCNaYreApX
2205,JLIPWwsy
2206,RobjLl
2207,OLsTCXgHxQ
2208,avYJakuZO
2209,rcKQumfsRC
2210,gWEPyTO
2211,zGPNF
2212,VGGQeK
2213,pexPqpP
2214,yVNyYG
2215,vaRUQ
2216,GGlpZI
2217,NecyrkC
2218,olFyfVJeQO
2219,cbnppOIz
2220,wQXOygRWSM
2221,BduqgAqEB
2222,zsYIkHx
2223,hRqJN
2224,DYgjyG
2225,FIbSnaNwCO
2226,MiRlSILoU
2227,vhZsPrJ
2228,qztcuP
2229,LUgpidfYb
2230,lpAyQ
2231,YSGYzUxLvi
2232,nWvMCNuRUz
2233,nHTdOCeTbD
2234,opGXYpH
2235,TfqTqBG
2236,Sacze
2237,DUMldh
2238,jljOnL
2239,dPcpDJFx
2240,vNYXfsjj
2241,OkZePI
2242,slMkiH
2243,OOQWudTxI
2244,iPDbwPqiE
2245,kckpL
2246,UUefnp
2247,TKrmVm
2248,QkiLa
2249,TLputbwa
2250,rjSBOr
2251,UKRmxvQV
2252,QajskCdhx
2253,VHVfF
2254,XElKECOHU
2255,pBFHI
2256,FeDnq
2257,qdnqZCNgY
2258,bQqNU
2259,lxuqtef
2260,mtBqll
2261,htmMH
2262,xlBmbeLl
2263,anrGmng
2264,ObAIIkqs
2265,jlzmXikMed
2266,iokfIewW
2267,BkjOv
2268,hvdBIfPeD
2269,TfrHFOZo
2270,GAxFFfCqVD
2271,KzxjoGB
2272,Lldsgbfv
2273,yBCFwj
2274,lPdhFQFvH
2275,VlKHh
2276,dVdDX
2277,jOgxCnndCe
2278,wuTOLlE
2279,mCTlLz
2280,oiVIqWG
2281,oWbSJLDnU
2282,HZmgGFsyx
2283,ELsdffc
2284,xWZEZi
2285,QxVFhzPlM
2286,XHbsvIqsa
2287,XKKgGNRLF
2288,uLoLziRiL
2289,TwkVwR
2290,HJBSCFhNFb
2291,tzCFynoT
2292,DAiIo
2293,LdFnpww
2294,MmcsAIRHMR
2295,UcupAczjw
2296,BWnEGm
2297,lxLLwq
2298,wDtsqRZ
2299,EsSHb
2300,RZcCAqM
2301,fqnVl
2302,DOytrH
2303,fScDIL
2304,zcHpI
2305,HXwMQhRX
2306,inyrAiR
2307,GhvXYlP
2308,IQwRljJMr
2309,zbTHUEygx
2310,xNkOxWGpl
2311,llLkN
2312,TwJABY
2313,JHyQcraP
2314,ZKvlZo
2315,PkbWuaacl
2316,ftDSwgX
2317,QWMrPoN
2318,owWQCChO
2319,mKqAL
2320,oxrlH
2321,zznzmgB
2322,oWLtgTed
2323,VodRsv
2324,uffepHEsm
2325,KdCLpieho
2326,VtdTgqoQ
2327,JAYfNeoN
2328,lGWmqks
2329,iaRjfKmhS
2330,SsnUJWAt
2331,tDtgMDcDx
2332,vkjWBY
2333,OfefuUwVr
2334,pNgPz
2335,oduncECwj
2336,abUlcwq
2337,dOLicivFBP
2338,dWygBWDxx
2339,yXcBaHnI
2340,nPUVP
2341,qAaFl
2342,oKHeHITbao
2343,pOLGPUYN
2344,KrkteJXOe
2345,iQAMSGSW
2346,tvLgPloyT
2347,sLDhEl
2348,pMhOxZKN
2349,LizMiffXu
2350,FdsiSpASzj
2351,JShICThr
2352,ontZQE
2353,iYbPnAa
2354,zcebQiDlf
2355,XSjno
2356,YGSWjhitDu
2357,zauIkGIs
2358,MfxDQUc
2359,vkAzoCVhM
2360,rvfsNI
2361,ndRVG
2362,kBAmTo
2363,WzIWk
2364,HEcJVlMEgB
2365,ZrutvHMfI
2366,ZWkIHfztZs
2367,bfZKJMEWIU
2368,dIwOhop
2369,fBfvAtop
2370,wpGQFXj
2371,JHjBwlJ
2372,udQHUbdg
2373,WRUKw
2374,MwMiQOME
2375,nutRxA
2376,RRfqscj
2377,heDRbvuED
2378,VuDWzq
2379,yrQfe
2380,opkrDtYYLq
2381,cCFqYRHv
2382,IDyvtcZH
2383,rWxsQcTBo
2384,uVBTiKQh
2385,AJkIuBoBs
2386,gWHJWZV
2387,yGyMhyDekV
2388,ugfKRAPKS
2389,OsqMbuTxa
2390,xyhvHRAmoz
2391,YYoHqI
2392,DuGoNDaKuB
2393,bjoWfYZnrv
2394,epgHRgh
2395,lZKrYbfo
2396,KVSpxOvB
2397,KXAKHrF
2398,HzOTfdPHUB
2399,npVUfIlw
2400,lsgsnauchP
2401,CEnXzRAw
2402,eQlKorEe
2403,gCqPwd
2404,OlSXnu
2405,GzwmAZ
2406,kPRrQhckt
2407,jyIbIACSbu
2408,pqIVkW
2409,pAvNzjG
2410,rGVpzOfmq
2411,NZmaNtvv
2412,VlnUIm
2413,DWnnPMg
2414,PTzbmF
2415,wbbnCnwhF
2416,Goexww
2417,cgMmCrMba
2418,AJdaCP
2419,mzPXoVXXn
2420,RQtoshMQ
2421,EVPAjhPcD
2422,QKicunk
2423,wBsCh
2424,sfSFdE
2425,yHVNw
2426,cipyOWIHHY
2427,wvpWdUJ
2428,WlwYg
2429,eHcMev
2430,ioFPqjXyZR
2431,mSdIS
2432,dQhnRdhZW
2433,xbduOgqWUd
2434,lLoIR
2435,vczVx
2436,OqYMZZr
2437,uzJuh
2438,EzdAEKtZP
2439,RuuaRhdi
2440,afJLO
2441,NbJKW
2442,wwLNVBa
2443,hdqgQaO
2444,QEHGVUHz
2445,hrkMSEBYsy
2446,rFHrsCT
2447,SoIkEwcb
2448,jNAjotsm
2449,ewyRdvfP
2450,yKDDqsDcpA
2451,MsfkzKT
2452,htUxGiHRl
2453,lvHJfchMd
2454,lUsWB
2455,imlWMs
2456,yKmPwY
2457,ebqyWKwt
2458,xpkhEN
2459,hEUtKQR
2460,gZKuu
2461,YICYgeAqjN
2462,HEaiSz
2463,pWjQpGCLfA
2464,RXpyoO
2465,pRYWaCt
2466,fvRdn
2467,eOSCRY
2468,BNlKgpEl
2469,BmtkanuR
2470,ortma
2471,UHxqs
2472,mXrCxW
2473,jAiXQ
2474,OsRBl
2475,JEEptstBjb
2476,sfBHHrvG
2477,qTYARlE
2478,BonPHbdmP
2479,jYuRhAHUw
2480,pZncoZ
2481,mwXyNKQxnB
2482,FRrjs
2483,sFYplE
2484,wmWDFSDUYn
2485,WlCOElHZaT
2486,inkhfDe
2487,LGzxclW
2488,JdRNHzV
2489,HKxHiyfBY
2490,BATOSOmhpl
2491,sAngCQypXg
2492,FAekIhm
2493,hkuLleg
2494,XciPtXGsXp
2495,hmDaG
2496,jEJXRCzx
2497,qhXuYuL
2498,OsjTU
2499,HmFSFcfJ
2500,wcPvTLrYZa
2501,PHnDetLfm
2502,VHHCZjaQ
2503,CKpQVnAVF
2504,LtqdUCCLD
2505,YDtxmURwP
2506,XZQZXxEjwj
2507,njkLQBYuXZ
2508,mPhyAObla
2509,yUeOb
2510,UScGEyEmF
2511,CKkjbjebh
2512,PEdSXRkP
2513,BFOBrKUjVb
2514,xZJgkM
2515,RQzyJwTmf
2516,BLFCXxf
2517,MdqNFlVd
2518,scxWpuDH
2519,cztSXmIZw
2520,vSUMALN
2521,QDbtUt
2522,teWzXCaP
2523,VtOKHtsN
2524,GDNsZiJ
2525,RvBaLBWb
2526,DVjEY
2527,uJkCvqZ
2528,gQJfGgF
2529,LlxuhvwDR
2530,WrEbVsbkIp
2531,oDvYC
2532,NQnLbAPoVj
2533,MNyxMcPa
2534,jxsPAI
2535,DcALQ
2536,VJuJMm
2537,XsnWDKwQSt
2538,YLJlbUc
2539,OvmWGcxfH
2540,HhrTBfIy
2541,SigbmeeU
2542,bBYeohz
2543,iSNCkwLN
2544,eKIwcB
2545,kehviv
2546,tMVlmwsnS
2547,aeHnWb
2548,pcjtr
2549,WZQNZfsZQ
2550,trXvMC
2551,ScpqinVyHh
2552,Jaqvo
2553,YBOrx
2554,gOtOp
2555,XgthPX
2556,XXaWokZXq
2557,xbIRZyR
2558,bPNXQOhiS
2559,MGqNyQHlyQ
2560,WJtUCEzTw
2561,STUPZfv
2562,IfvJTZ
2563,ABqzA
2564,uwtyAkcoRj
2565,Frfsk
2566,nwrgsveVj
2567,YRpFS
2568,iehgYTgM
2569,GEATFFqnj
2570,mFGgk
2571,JVymElfj
2572,zvYiPpsK
2573,lVcEpEqdi
2574,VtIatxhpqo
2575,vIZAqU
2576,ennFWQMPx
2577,dDVhPKuzJ
2578,rjednGA
2579,PXGHfmMZXI
2580,WRWUYViO
2581,HkCUfTm
2582,XjklET
2583,zmdryYrnF
2584,ZjUYN
2585,kunJKHxAy
2586,rnXojXP
2587,MKvhjnSM
2588,CsEUlCAooY
2589,VmjHmlJrfR
2590,jRLbHT
2591,uZLFBSqgT
2592,MSeYFNleFY
2593,eTcIetz
2594,HFWYQQ
2595,wQnKdnft
2596,YxMIeuK
2597,OFvKhUg
2598,pySdWGuGU
2599,YuUCsLcoG
2600,ADYCaN
2601,DfGJLgipzc
2602,AoumvcTgn
2603,KJypreU
2604,LPcYCh
2605,gjEZiw
2606,OaBVzX
2607,lXrshmE
2608,iJUMJta
2609,BuuFNuy
2610,oaFNUxK
2611,UZbGIYVv
2612,aBImyGI
2613,fzrwy
2614,YcPeYJ
2615,XLIciZ
2616,ZIHNi
2617,cihlUXP
2618,AxwjxW
2619,gbGZWy
2620,snUYxlQcf
2621,DLFkiqim
2622,jeJCRemPJ
2623,ekWxNvec
2624,cvxpi
2625,MDBBf
2626,sbcFvo
2627,mStnIY
2628,JxoZvE
2629,nnxVv
2630,hifcKkqVP
2631,ebzEnGPZmB
2632,XWBlgbTmOq
2633,GuveDe
2634,PaMTRHCbJr
2635,hKBcWtI
2636,JsWJqWRdWF
2637,jetNfcPKHW
2638,bWoCchVAD
2639,NODpdgpY
2640,BcJJcAeM
2641,tGrDX
2642,qSBiwlRHA
2643,VoiOK
2644,gYIQWKl
2645,GBebfkW
2646,mgqcoZl
2647,YfvSfErzSV
2648,mdaky
2649,mJJGhw
2650,RgGvFCf
2651,KjxdoulG
2652,EmFVFRLaA
2653,OkUDGBFh
2654,mKZngcWA
2655,GyaHmjEkX
2656,hUhKUuHNav
2657,EFQutD
2658,xnQei
2659,tdMJdBX
2660,ShwRhtLNFJ
2661,iGjNJLAj
2662,FNsrmiqHce
2663,JoYOIzxQV
2664,fAHBArGLU
2665,REbnnyhApe
2666,gFWodsaWy
2667,NAyLJzVe
2668,ujOds
2669,RhpkNqFlF
2670,fqIESA
2671,RMjAaqGai
2672,rtZldM
2673,dhthgiNPs
2674,oyChftV
2675,OibNgW
2676,yPKSk
2677,Pcuwj
2678,qxNRdfAXjj
2679,oSZmPpMTg
2680,mVQhArv
2681,NRzHZ
2682,QxZWkP
2683,LDiPnM
2684,bDtet
2685,NdPoH
2686,QWNhHTEg
2687,ydlVvhEiFR
2688,NlicJR
2689,pzULRqTaE
2690,fNeCkONQn
2691,ZvipIcyC
2692,FtqasUG
2693,FnNsbVaXFS
2694,hXGpouNh
2695,nsygHzKOOM
2696,Xexxj
2697,wpTcOuo
2698,zoPWIMASi
2699,BankI
2700,buyJCCCJci
2701,CgdrZiFjG
2702,IHWwKXAFD
2703,PHNPZP
2704,PBbQThyF
2705,GfjvW
2706,JelywHKhV
2707,iYgUtcf
2708,dohMcb
2709,vguVadfT
2710,sAyws
2711,MTyYbMceMD
2712,qQtBQTI
2713,dINjsDx
2714,ymgLrDAy
2715,dfQkLv
2716,fsaKm
2717,GZXLPSPiz
2718,CfRYJENIK
2719,TNaiVHAe
2720,hWMAqCPWns
2721,sgljXcxfrq
2722,xeBoGnpCMc
2723,pmIVXYF
2724,hfJeUEM
2725,YfHzu
2726,XCgudmMZLB
2727,dwkSxnJLad
2728,QtbEbr
2729,FnTFmEZ
2730,FQBUf
2731,qUhOEQqf
2732,pOgfkIumS
2733,CKzxWSChx
2734,ATccPTMg
2735,LtvgeRPJ
2736,UIfbSHRNIr
2737,NlIStJwOX
2738,qMlqEmoI
2739,hyrAmTuGj
2740,kZObSEv
2741,ueMcuqSKQN
2742,FoNHjo
2743,BLYgou
2744,yIxWFpQ
2745,ebuBIwrEI
2746,OTuGwjQ
2747,YYNJt
2748,IMFtzmbgO
2749,CurUlPon
2750,aePckJkMNu
2751,GSzItQOBK
2752,cCYDseQ
2753,kdcEHQRqAV
2754,QhxcfwDxI
2755,xPLzqX
2756,sRtGbknn
2757,gYIuVE
2758,ardKy
2759,QNRfXKVFxQ
2760,tfusOnQXrw
2761,KqAabk
2762,cqNgb
2763,vHjHQvhZT
2764,zPbIpj
2765,DGITUrmHD
2766,vbjmQNXrIL
2767,oWxmdd
2768,cghvacsfN
2769,DusRVxvwiH
2770,tbtkU
2771,yRcLzJnq
2772,DlkfqiEMZO
2773,HlGrz
2774,LiMTHyOam
2775,hASzwmf
2776,NBkrGp
2777,AQIrIdepZZ
2778,eUSuR
2779,hAPaii
2780,MdvDb
2781,ShHhYJ
2782,abKge
2783,DipBu
2784,yBNsZTS
2785,nboUnU
2786,fdpCiGE
2787,GsGrzSNKB
2788,pMcqevWx
2789,PgqUYnZw
2790,gZkJspu
2791,wtQmjxk
2792,GWhmOTTqeW
2793,ThsnONn
2794,NOMRvTlqHy
2795,nGZsLe
2796,ibBMz
2797,NibOJeDV
2798,ACZZkjCTM
2799,wMrUt
2800,NsdcQKK
2801,dXGhRL
2802,eRLjuxVYXw
2803,qnkfs
2804,tclHy
2805,XuxugHK
2806,sbsTpmUTG
2807,nDoRJNX
2808,GmCIJ
2809,sujAgXX
2810,DlyKjgL
2811,kcUUBIKq
2812,CEcXduwJm
2813,WCzekqn
2814,DdytVh
2815,BlOOP
2816,CyFbZUwQcX
2817,FhZsZzmB
2818,FJzHPNUd
2819,BNOQrwXZAh
2820,JYeFRF
2821,DSrpmRoRvh
2822,iObXbDylP
2823,GfwWPlvN
2824,jNvWYqK
2825,bANSijnxKs
2826,ygGAd
2827,JVWAMPM
2828,UpPzoG
2829,xQsupQilZ
2830,vkvJvdxO
2831,vvBRZyUn
2832,NsDSjg
2833,RySSCmR
2834,MXnxiDwtda
2835,DiLTsqbp
2836,CmeyEGfw
2837,TmdWJwwp
2838,zUNLEh
2839,UFhuLUxQHD
2840,MwFemIjBO
2841,rxKcovmQx
2842,oTAyWqpkr
2843,rMSPROjkB
2844,agCpbIQKVX
2845,zXBKx
2846,zJriHaBKW
2847,DgNgy
2848,CkIzjHqTs
2849,UTiVUsk
2850,kQdBsJ
2851,TByhPZl
2852,NSWsY
2853,OqPKVK
2854,PnSSK
2855,jWaKhYvlU
2856,lJrKqati
2857,ExcqHM
2858,DnNcYYD
2859,XMThNO
2860,hAOJjzMzTG
2861,Sqmjhj
2862,bHXIJT
2863,kTIRB
2864,MUtRlRXH
2865,gcoefqwcE
2866,sljrVKANtl
2867,wbIkRErUM
2868,ZxLsc
2869,ZQXpg
2870,OiVxFkEYZU
2871,FAhkRSM
2872,WzHnWWnZT
2873,Kvkur
2874,DDKZaDq
2875,sfEXmbQL
2876,UiQSM
2877,laaMYuyzD
2878,bLyKvWEurK
2879,wwsSNFGXzC
2880,llHpgDcir
2881,xYdyzY
2882,lZSgGhHk
2883,omaiunhbd
2884,msjoVw
2885,OJzrVvMQ
2886,RoFblpen
2887,RjEwV
2888,VUIwyqYO
2889,vCNaUs
2890,rCxtEaK
2891,UtKfQZ
2892,obYcCmT
2893,DiJTRF
2894,sCZaEXIbme
2895,YukbJcJ
2896,KcTertFG
2897,fWJYVm
2898,WKTZAOPA
2899,IZWZBtLXBn
2900,oCEuMY
2901,ADfeK
2902,BfLnlEdZI
2903,peDlHBeh
2904,VMiLmwW
2905,YTOFuQr
2906,fGidDlva
2907,VKIHlpA
2908,ivlJZkKq
2909,gUHcms
2910,xbTiiBgX
2911,HDJEmw
2912,bqvzzlW
2913,mXSvy
2914,MEPnH
2915,lRbDqz
2916,DCduZijP
2917,QdEilN
2918,TepHzM
2919,vKPPLb
2920,lEkOwMFwJy
2921,vZOnsxrsG
2922,sHaLblZH
2923,uavpktqgDH
2924,JCtSOfYpz
2925,xGmZoSU
2926,KCcUzTq
2927,eUounX
2928,BKlAkIlVD
2929,ILsWcp
2930,varDLm
2931,NUkes
2932,KUvehxp
2933,UjjqhrxlW
2934,rCyLgv
2935,AkjDQjxAn
2936,CXyBdG
2937,OERrPZyFoP
2938,toDsVm
2939,SVGlJPnJC
2940,AKpkYL
2941,rfakTh
2942,FtdpEEZ
2943,CVqIvCqVf
2944,XYzKGSUF
2945,JaUXKlt
2946,tcZhTo
2947,SEjupEJn
2948,yMVHRX
2949,xyFpN
2950,genWwLSRG
2951,WtLSpZwt
2952,yUbvKPR
2953,XbZbF
2954,gxOHKAOJXx
2955,vlGAefazAG
2956,maWKl
2957,daksEk
2958,XYRKeCWn
2959,OQriRSAUq
2960,zbkIXMzMK
2961,GOeaOuxh
2962,aSgLNTIDBQ
2963,jCSIDLD
2964,HESUda
2965,omqkOyKNev
2966,rLaMvL
2967,cQJkgh
2968,XoajeHP
2969,DMmgDp
2970,ZpuKl
2971,rzTafQvH
2972,hyrVHv
2973,VtFqqOiv
2974,ibXwF
2975,dYxIs
2976,puapSjc
2977,EvuVtabL
2978,inrVwPZi
2979,TuEIah
2980,hRRRMKrw
2981,nQxtH
2982,rPoxiyzPN
2983,YmqaRtPV
2984,qVBKgNjskH
2985,rkoOAEhF
2986,zzMEzU
2987,UpUCN
2988,iaIyUGS
2989,YpcRdigxg
2990,qnRCUGgU
2991,qjjgg
2992,RyUQpcNn
2993,RKbnteYIBX
2994,iiwnGWJt
2995,kxcqit
2996,XNBuOXjUMY
2997,iRAvI
2998,KCYcEiCWI
2999,LzoslV
3000,QlVqZ
3001,zcqUNVhvzG
3002,KvBIw
3003,VBNqKj
3004,FwMlmGunYV
3005,FeyAhN
3006,uazrKFM
3007,PbMQWE
3008,JmtFwkry
3009,GgGAvIZR
3010,imIrPF
3011,cxwgnLkje
3012,ECoGHxtU
3013,rCWDy
3014,uXMVzqwzW
3015,viYJGd
3016,IqSBo
3017,SplvBERJPS
3018,cyHiv
3019,wtNtSuUUp
3020,QFFxRvyjAJ
3021,UxUoFLdBb
3022,KxqOQmKtGN
3023,zFiYbGYP
3024,YUfWUDafNK
3025,FWLuXCFhEI
3026,zZOepuqbU
3027,SChFbU
3028,DDBjFP
3029,UkpcrZmP
3030,YgXWMMn
3031,pWBloC
3032,rOdGakthj
3033,kMbTeE
3034,hOJcYTlLu
3035,aDHQFv
3036,txbXjEC
3037,rKuzXMUqXE
3038,bIwCOgC
3039,qgqbsCoIK
3040,CMxrqqfK
3041,VLgHy
3042,kGBOjyAn
3043,dKfmuwFE
3044,PUALz
3045,cVNvpoaxb
3046,EBDhriCN
3047,BQmiD
3048,zQlFWYp
3049,bDBlnzPKTY
3050,rOrxYsdKe
3051,mTtOzjInl
3052,BHlSaJ
3053,SlMjhBmZ
3054,eKyFlPsk
3055,urUWmk
3056,YaXUGiqnOx
3057,QBsdYx
3058,cLjugCpt
3059,kTZRfBFcS
3060,gfZIoVv
3061,VCemwjgr
3062,xJPBvzGnR
3063,RVDldAYD
3064,KfHhoOpTy
3065,EYOAZOzb
3066,pvHhd
3067,KWtLvfECg
3068,WfdxI
3069,OKmzDvaXr
3070,sIBPDvK
3071,GGwZKl
3072,yYjbi
3073,tFgLxR
3074,sZTwxFSak
3075,FLFqzdHm
3076,LJaCXqny
3077,bWQpYwLro
3078,sAYxd
3079,ChhOJC
3080,TulFhqIN
3081,XhJsGZUem
3082,CoVmx
3083,QJYbeZ
3084,hDItlV
3085,WwyNlrn
3086,jzFRmhY
3087,weVJt
3088,YjJwdPGIGG
3089,QtOJifqIZ
3090,NpORDivs
3091,Mynyu
3092,QLjdDsU
3093,zpTeWnHL
3094,nJCoq
3095,eIFNTPe
3096,yFdjWaRXjt
3097,iVsjoOzRur
3098,DgXGmEMt
3099,xqWLVS
3100,vaYqc
3101,yODiNl
3102,rGJDPp
3103,mOuWmJ
3104,FSfcx
3105,xyCLUSV
3106,qTfoa
3107,gjCAJQ
3108,TmUzMiOdy
3109,jivMmG
3110,iiktTN
3111,ixwnKqMfRw
3112,XBrkh
3113,wwIUUK
3114,dLyTXyP
3115,qmKeVm
3116,mQDqz
3117,AbJopdDyk
3118,WsXPU
3119,kvuQJyxdCl
3120,tRiSARN
3121,CjlvdqIXOE
3122,IQTJAmD
3123,fkPeMh
3124,MmCJLkroyK
3125,grxEGJWlW
3126,SCelCSveJ
3127,jVmNEODARY
3128,YPFoHo
3129,cytksuN
3130,YtbNXtQ
3131,HvIfcovFk
3132,cqjGn
3133,abzEOHBG
3134,ClzyFjAZI
3135,TjVeJ
3136,xQAUgVI
3137,LkrCQP
3138,hjgffMtxih
3139,vduJEi
3140,TeGPesyvAv
3141,SfuJbKlASA
3142,qGKNzK
3143,wLgRS
3144,gXraT
3145,bRkGVS
3146,hkWJfs
3147,recJcd
3148,NQpwWKr
3149,afXTegL
3150,QOTeXSvK
3151,PRRfUeG
3152,SqnYA
3153,udDbmUaqq
3154,xKqEd
3155,OmGSAyoQD
3156,pKJIrgpPf
3157,SZmdIoFgSn
3158,IVOgEdiG
3159,EgxKgBYyK
3160,MDIwLMd
3161,ZCGlUkXPO
3162,GoWeiO
3163,aVmwONpwrm
3164,ZcKWIiw
3165,nIuhc
3166,AdbSe
3167,vWABHSyKJt
3168,fTYCD
3169,mpyREWuFEH
3170,nrFOpTiQ
3171,GHlmtiZ
3172,PTCtErtgIz
3173,wjZVErz
3174,ycbcbVV
3175,jEbkWNGm
3176,RLzvF
3177,lbXqZmuMeq
3178,SXOyrTNAAD
3179,MVrNbdbQ
3180,USDbYX
3181,VYqYdu
3182,LOTkG
3183,WSmEkHzIai
3184,DtKdw
3185,NunnEQuZV
3186,JTfWuYB
3187,kVaHYmoP
3188,OXGMmjgZ
3189,MRKrKDtqAa
3190,cffFrB
3191,cNvjqXG
3192,DKtMkLe
3193,wsqQXX
3194,SBbaUBbf
3195,nbnOTIg
3196,rQdIELwSgk
3197,ngJkEq
3198,XsKPsIZ
3199,yGFbAatw
3200,AOJIQ
3201,ZnfFwAIW
3202,fpzKvynR
3203,hZQJV
3204,lmiZV
3205,SboHWKEaL
3206,wXAPEH
3207,JStKw
3208,JNxxx
3209,yqWbDqkxI
3210,NFzrSviV
3211,EMRTbSQuB
3212,TaYKZla
3213,ceEyu
3214,gEEjf
3215,DJrprIQFY
3216,DFdNnDhyw
3217,ZjMCuHWgS
3218,eZoWbms
3219,eUaOZm
3220,sfGJo
3221,jNSna
3222,orqGTO
3223,rUcxsBl
3224,JnaBLYB
3225,Omgdx
3226,YbmASeYF
3227,EfcdjqTy
3228,jSeYAar
3229,cRLWuSlj
3230,JaLehB
3231,RJqbZZfs
3232,PYGvWCaQlE
3233,yPbDVIGSGg
3234,TXQPRJ
3235,tJeVe
3236,Uspwke
3237,WQIrQR
3238,grpGumR
3239,fEuiaTrWe
3240,hsBWtr
3241,SKwhdGY
3242,BzhdNNtg
3243,yYRaLzEaJW
3244,KueWuYCH
3245,LqoYy
3246,HUTSAaAveJ
3247,yTSPyent
3248,jCrraz
3249,jBZzXEZD
3250,rFCQGDQbfa
3251,RkWGRuhaKT
3252,qdcdk
3253,XKJOSA
3254,MzBEDusFDX
3255,IJXOLZbA
3256,kEUWlRiX
3257,WuvJgQExjH
3258,HPpCfyJ
3259,YygowvlrC
3260,aVwbDkKSJ
3261,DyyUOw
3262,uGrbdom
3263,aMTdXz
3264,DfOLAlUp
3265,qlFesP
3266,inTbuMqq
3267,FjfwrEFn
3268,SWDINaCO
3269,YQBuciT
3270,pzCLoq
3271,xbnqfusuae
3272,tJyzERCu
3273,vKDul
3274,gwOwqXdx
3275,VWgyHvh
3276,PeFfbqLmBO
3277,DGwoerRsO
3278,TbrDBW
3279,fUESluQ
3280,SbeoN
3281,aLztUfOtw
3282,wRbvIHXtu
3283,BXejgQ
3284,YMQePfDZv
3285,VpHBNEVms
3286,FhguGTa
3287,PmdeVOBnE
3288,SIFIInukU
3289,lkHTlhBW
3290,RaCTb
3291,SteVKCB
3292,RCIQaZqkJ
3293,QSqHVjRf
3294,GEOBqXowU
3295,LaBWyM
3296,syjqVA
3297,vZLNMu
3298,TtrEO
3299,ITzPzv
3300,NtxaQnVE
3301,oSrVZi
3302,HPSjAALZR
3303,ZQkiZd
3304,XzFbUu
3305,SMGMzjDU
3306,JsieHfGFDK
3307,oZlCeAr
3308,NYYcyumyLC
3309,NwgzwBbtfi
3310,HUkLeTX
3311,JnDjyyM
3312,JiCANGiBp
3313,VABpCd
3314,dMIMmwPMk
3315,sPfrztH
3316,xgstOBChii
3317,VmkZG
3318,tSJjDJcH
3319,wgpjKvUgQ
3320,CqTxGAcq
3321,UebKi
3322,eoAFrx
3323,mjCmLpJUBu
3324,yYBsiDi
3325,EvhjMLml
3326,bZetyB
3327,FHVFKjpqrT
3328,GtNfha
3329,juWdhKhLpb
3330,eCckNscnej
3331,AzdJmbLoI
3332,SLbDHh
3333,VYhojtMAC
3334,WdqWXclk
3335,ZMaDbcS
3336,ZKvITqetN
3337,vwyZsTAfv
3338,zEEJSBV
3339,ocaxVCXZcx
3340,OemvitHa
3341,KDYBrjzDKh
3342,ySdDGUol
3343,GPLbn
3344,ssYGR
3345,lRBjWiLPoe
3346,SWwAOpolR
3347,phkSxdi
3348,uVUEEnWr
3349,CRdGx
3350,qFwJGunD
3351,NSSdO
3352,lfdazzvAw
3353,yKTex
3354,IQZfdhuxDA
3355,yGCUcZdnsd
3356,PIjbAwdim
3357,CSQwMWvGo
3358,iwBTGYg
3359,YKMYGc
3360,JMydDF
3361,DBeuCgz
3362,oRXeVzI
3363,YWVLsALzn
3364,fsmZHQ
3365,TmWtuF
3366,GJhaIsi
3367,gBuggU
3368,uiCxmKSj
3369,QoEtkaJK
3370,TSSBYVfXRS
3371,XVyxtZ
3372,SMWSDSn
3373,OxeHrL
3374,wMehfXF
3375,ThJBcY
3376,BibJzwlPm
3377,WPKLWfuGm
3378,jGHdEMlRvH
3379,JwmdR
3380,LMxfQK
3381,CdEOUjIx
3382,cnjSBpc
3383,aJErcPllaj
3384,FAfbYfQVRS
3385,qsncjGDAiL
3386,bCmafOZ
3387,mBKsggKJG
3388,ySdZFnVZY
3389,tiuBDV
3390,tkRgie
3391,QYFMeZQcbG
3392,DZcbooAEO
3393,JvfkZkQdg
3394,odRMFHYH
3395,CRnPsC
3396,WBjaAQCi
3397,QrOnZSE
3398,TKzvSWo
3399,BIXeI
3400,IaohE
3401,vRgFXsH
3402,FxivQn
3403,mTnzwxiy
3404,OyyHvJONKn
3405,aBOqaq
3406,DWRflZi
3407,qUmbhmX
3408,enmflWe
3409,dbysYl
3410,tjrRFZo
3411,aDgszMdj
3412,GmZMol
3413,piPIBJx
3414,StHkwn
3415,sQVECrczY
3416,GjLJyO
3417,CIHEkA
3418,MyrFrQBe
3419,kSfNfHlkPX
3420,LqquL
3421,rojaQ
3422,TcmwTltqff
3423,JcNDDIjKSy
3424,XtStgGLpq
3425,UubeUx
3426,OsopRN
3427,xryIuL
3428,VvIDbpbH
3429,LlJgWmD
3430,UCgyoaCLML
3431,rAyfQu
3432,JzFUBMH
3433,QmmPVQvUSk
3434,jbRgsRe
3435,kEjGnk
3436,fEgUsi
3437,pFzvnk
3438,kmrwR
3439,eHTSApp
3440,XzZMVxDM
3441,vMKgfuuaTT
3442,HhNQcGUsWs
3443,EXPxsqf
3444,fapGChtaZ
3445,FRlOO
3446,SbPLYh
3447,sfFMXN
3448,gVCMmJVPg
3449,QhQxy
3450,XOxaxCQu
3451,VjdWRkc
3452,qvIeWSsok
3453,RYlpRYie
3454,IxXiJDzg
3455,OQSej
3456,eqXfhKfOU
3457,uhLtb
3458,RfzknEkRBf
3459,vjotb
3460,RpYHgE
3461,zKAApJBum
3462,BiKYrZJAiO
3463,bfbmnTvxdD
3464,nnsqQXZ
3465,jJDbYjaj
3466,xvYZPFXnaP
3467,MFXXbAXNqE
3468,dClZuqAKSp
3469,FqUefEWuH
3470,NCXsCH
3471,DSXzzoCx
3472,lzTUYcXTb
3473,mndUwokclp
3474,yAASnE
3475,eUFNMW
3476,zBvcV
3477,FlUqxt
3478,lqVRern
3479,FohWmeS
3480,OxaYVFLSV
3481,uKJtQ
3482,OFCEnB
3483,XywsXFOJCx
3484,eDOlGbtWT
3485,KTUwm
3486,flfYEn
3487,hTJtMDxBb
3488,cNhiXB
3489,CpWbu
3490,sgNODGr
3491,HdzBKS
3492,kWwiNXmygL
3493,bLTAA
3494,GMdFKLcknj
3495,jcTOrBNyy
3496,gDUdEgQ
3497,yfNazN
3498,BQiMfsR
3499,waitumAxl
3500,QNXAVBOnOp
3501,LwNuxmZ
3502,TGSWKZv
3503,JlYSyf
3504,cnbrXqc
3505,OPgbt
3506,KPKDAURhFB
3507,byFhR
3508,hOlFfsk
3509,jkvVnkf
3510,XHICmFapDN
3511,gfMLNXqhT
3512,RCxXlhzb
3513,Sypgv
3514,ZpcQpnN
3515,LNSxfkZM
3516,CAatIK
3517,qIStuQuTkl
3518,DwtETuCCV
3519,mPspW
3520,hRLVnJ
3521,wBMBvHp
3522,GnlrQm
3523,OcDJPCo
3524,peoDV
3525,gMVudhFA
3526,PyRpqLtEnV
3527,MiDUTRbl
3528,UmbDqAo
3529,ETUntEQUe
3530,oPHqQZ
3531,XBgSNp
3532,AAwwS
3533,HSBfbl
3534,wWUFMdG
3535,cfXbvKE
3536,sLEHYt
3537,CwieJmLQw
3538,GhRThsgRoG
3539,IctvPYYd
3540,EVRrP
3541,kHeVDDLJPR
3542,gwArJzTJOG
3543,jBbLLgyFak
3544,PIGqVru
3545,vvubbjhI
3546,KobkHU
3547,MbiOkaCsB
3548,NvAcpq
3549,KmlQbm
3550,lAjlarbs
3551,xEYuCkOkR
3552,qIWMk
3553,GMWVMbDe
3554,MHVBcVruoJ
3555,MTUUD
3556,vTeyYJBd
3557,jeslVKu
3558,sJAOwSOHpn
3559,SmsiD
3560,cqezlYpJ
3561,GPmBVvrLk
3562,aWGXoRB
3563,cLqLo
3564,gOgXdJLzqZ
3565,TzaSr
3566,ZkCvu
3567,FYqIgyZY
3568,efoZnQvR
3569,vnyqXFep
3570,vXvnGa
3571,LpYoxrRn
3572,dwunB
3573,dnSXF
3574,mrwDRvzUt
3575,JbQMoA
3576,qNAkFlqLC
3577,nKuHEsdHVw
3578,DtSvtMX
3579,VTFCbjGKMI
3580,fhvIK
3581,fgJco
3582,bHrOOQIO
3583,oiisn
3584,vloKSP
3585,JwjZHIhz
3586,sdMqd
3587,rgODbiab
3588,WVQapABJ
3589,ysEOg
3590,DvtCW
3591,anXERj
3592,qZaCi
3593,TvywLpO
3594,WouRlBjGi
3595,wBADKUfFwq
3596,KySAY
3597,KXUbFbmg
3598,UKJLxctM
3599,SpSTlLoZg
3600,VoslR
3601,WGfMucFXf
3602,ILTPwSHk
3603,Aqklhb
3604,eVZmoL
3605,VXUGHpR
3606,VEtRkB
3607,BMehT
3608,ahHExV
3609,VjERN
3610,FsEuN
3611,gKuqdpL
3612,ueZewItIX
3613,OmabgPQG
3614,ZEykSxdDg
3615,eQZVwilTt
3616,vSJLW
3617,uWtPvtnKK
3618,ZXajH
3619,vlVSrqz
3620,RbkIHI
3621,WwoWtodV
3622,qENovlX
3623,AJorTE
3624,IwHnn
3625,BHiFznU
3626,wMlMum
3627,pjbKJQ
3628,vgKuKgArcA
3629,TvcYSuskYl
3630,SjScschfKb
3631,OdIjue
3632,FxrLMJVQ
3633,XHzmWo
3634,HYUTaibv
3635,zbTQznhLz
3636,iojChjxg
3637,AdEez
3638,jjvsCi
3639,OZIwUrY
3640,mCqpAVdcG
3641,aoOwLIZe
3642,pShULT
3643,VbXPGV
3644,sWbDl
3645,RKlmZ
3646,VQkYy
3647,rXAspz
3648,tjrPtGdO
3649,yvnGKAOhLk
3650,VXyDZwruyS
3651,Upadg
3652,uGXSRU
3653,RvMRYm
3654,lsfWarvs
3655,TcunxYl
3656,ciYomYum
3657,RDhbxdJxsS
3658,CfXRGgev
3659,Anskx
3660,dtqQi
3661,iOUckPxgz
3662,LKfeLdBoG
3663,lYHALfU
3664,HfQNEESB
3665,fKdPIqKjDL
3666,BQoVWW
3667,KVGbAJs
3668,NumTY
3669,zHNZyTW
3670,JZwDbMU
3671,yLDLJi
3672,vFmDxzcecw
3673,UNBbP
3674,MMTyCbtxbr
3675,DsnLzSAH
3676,fZCDCN
3677,EkcFAZAhOQ
3678,VTqLNOIuU
3679,fPLxHME
3680,EgYIgrIopF
3681,Xucsrws
3682,WTyBCxhxPW
3683,pltCb
3684,tngHjQnDc
3685,OZBVDdRlxC
3686,WczFMsP
3687,zNrgv
3688,PHwKThLkX
3689,XEqCggwuE
3690,fpLttyNHWE
3691,VDQXgOKwBr
3692,vCzSieihJn
3693,wPFEh
3694,OkJgniXVhX
3695,yGgkrGId
3696,nWoFtiujI
3697,GIVPUbQZ
3698,FIsQfyqYHR
3699,clIfnMSw
3700,XElruQOHln
3701,YJLdyyXs
3702,CLiTTxUyk
3703,WKEIiDJH
3704,EMeMe
3705,cotndyBZ
3706,pHocPQ
3707,QEYxzlKfq
3708,XhsaU
3709,fUqcvaA
3710,AopgDzK
3711,TmqTdjJV
3712,udLdqVB
3713,JbqfjGnKz
3714,vXsAykbv
3715,WFcBPB
3716,KfbrcBB
3717,ihmcZrN
3718,FxHHCYDgEi
3719,YukddYqnv
3720,xWbDIdNmSb
3721,HcIgftHH
3722,hdrHwD
3723,qqxuP
3724,jocCmlNle
3725,kqHjKq
3726,DgrlKxYPm
3727,VmZai
3728,ozQFFoo
3729,JojlfPJbm
3730,aUuXR
3731,OHBwTvZ
3732,fQHRVlsY
3733,noBMrvzf
3734,pLAPMMWjv
3735,yNcmVe
3736,wpNWBRwAv
3737,KHgXTFCDW
3738,utzUpuRLKh
3739,mYKspeAfQU
3740,bQjbOYFsQ
3741,MolLmod
3742,sBwxqg
3743,hwLNYS
3744,CTyttCEzB
3745,ZwYKGKW
3746,GDHnV
3747,oXhTPEqO
3748,GNbQm
3749,HAopye
3750,AwOyNqkzP
3751,lLhXLLRwP
3752,WkVXjIPNls
3753,qIeKEvLFZ
3754,AiqTLIxv
3755,qBtTfw
3756,IwLFocf
3757,BzCVha
3758,OHbvvf
3759,KaCPabZk
3760,FNKRNu
3761,blsGVs
3762,lWrFiROevI
3763,asZoO
3764,UbtOGhf
3765,xjMConL
3766,GCiMfodB
3767,zCFPuns
3768,cIXfM
3769,kUdHQIxXp
3770,vFxUW
3771,SVDJR
3772,iRVjUL
3773,tHDTmyqxC
3774,sYLICyblhu
3775,YPtiS
3776,JxBfjaPf
3777,ijzEAh
3778,QtvYrHZrYT
3779,dyDXfyfN
3780,TDKIZjqPx
3781,oLBMKAf
3782,gdBqLagAas
3783,GaRYzqwAg
3784,Wpeorza
3785,mGPpuQvyo
3786,Ressi
3787,jJgGr
3788,xoAwWWx
3789,KIreVgszsr
3790,adJuKJG
3791,zgvhWxlGwZ
3792,FTQGjm
3793,bKVJy
3794,Iiadou
3795,XnfrbuCDK
3796,whmJftp
3797,HwYNrtW
3798,poHmXDj
3799,HQWhp
3800,laiMjrUn
3801,QLjBnMthV
3802,WnrinDK
3803,tVHOEBimo
3804,qIpOnR
3805,NhlhsTf
3806,uvgwgUl
3807,gNyGq
3808,eVRDi
3809,yltjEvhGJU
3810,gphxw
3811,DpIfJfMhA
3812,eKvICYm
3813,LcuykIxxp
3814,BeeLqJbCH
3815,ycmXFSrdxU
3816,ZISUm
3817,vkvKcBsc
3818,OkpYebX
3819,ZqatoXpb
3820,bplrNikiiH
3821,JdNYDDWf
3822,FnAbKB
3823,NNZBU
3824,aPTBqIgLcH
3825,ZkjQrtoK
3826,AyhmoilPl
3827,xRDPRTH
3828,mbiuH
3829,RXRBYZrxP
3830,WdoBPaeklF
3831,SkvtvfN
3832,FSXhSGuDS
3833,WVhAXxyu
3834,CgMaJkaFQx
3835,uRhYBcjPwP
3836,kXEfaMJCoh
3837,MiBHTHsk
3838,nkMgzlVAWU
3839,aanMNCGd
3840,ootucNf
3841,tWgTu
3842,rADtPhC
3843,rfUrRrwua
3844,EwSSngGqYa
3845,TrwzyqAb
3846,sRoyJrEzJ
3847,SLuXGfzEmI
3848,uHfZgIRt
3849,cHAebmipbL
3850,cFvMEacOAi
3851,UEewOwgLZo
3852,QvkqGMMuL
3853,bksxRKCa
3854,PINqAdg
3855,fPlylKSGw
3856,SzQqQD
3857,JOUtTdImpP
3858,iBWmHWbWob
3859,pSwVXZ
3860,uJqsorg
3861,USQwHB
3862,AJdfoaP
3863,yAoXY
3864,LYisiruJ
3865,KyLyydlG
3866,HwfQsxDV
3867,VYRlsgs
3868,PvxDH
3869,REJaQdiGn
3870,WIEzngCKz
3871,RjfhwSGSd
3872,KHWVHV
3873,JGCuGAx
3874,jmbUZf
3875,BWBSaH
3876,qxtFZcDzqL
3877,SBXWvF
3878,oOwcJn
3879,lsrqQISExQ
3880,aXMukpjYy
3881,khAKTI
3882,soCFQ
3883,SIdvDVP
3884,zpBrr
3885,AdIeY
3886,uIoQyQK
3887,hfVutIoj
3888,CcPklK
3889,LRUzc
3890,UeVYwidoZC
3891,ZxZAs
3892,WEzIAAwgwY
3893,DQuAtXWrV
3894,ANtziH
3895,iOAZeomM
3896,KlsoKYvTbY
3897,zcndq
3898,TtsQq
3899,wKkCXylPq
3900,tUQHC
3901,GDaYX
3902,cApPQf
3903,NwbmRw
3904,ExLlfga
3905,sThUgmHJiz
3906,wwbhJF
3907,rJHYUzLSf
3908,aqnHgH
3909,xhVjUpFOj
3910,oueSafl
3911,sofzPIUV
3912,cBhhQOMA
3913,vUTOUnw
3914,PiqOtaJ
3915,HcSqZ
3916,sNplmg
3917,aecpexLX
3918,aryrYbCZr
3919,bOkyR
3920,FqvsAnN
3921,LcGMF
3922,gIJCarncYS
3923,LpfdaPKvZv
3924,SfqEWKOCxg
3925,TobGmpdRt
3926,pHtvcCLc
3927,WVLgoAYT
3928,tdQQhEHt
3929,osLDLQqplB
3930,AMgNe
3931,cAoESMK
3932,VnEIxFXElT
3933,hvFFz
3934,VMUwUGBpX
3935,vuMHbJ
3936,gzpTAhn
3937,AnlRvnFIj
3938,OwyzBlQ
3939,bqYzAq
3940,hsmQu
3941,GoqSQtwCB
3942,UepEAqOQF
3943,cljcQ
3944,cUrTxR
3945,IRFbHgVMN
3946,kPnutOEgE
3947,TRaqrZMk
3948,eAAcEB
3949,nGXyxkFFQ
3950,nRozpmGeb
3951,DBdXqfeK
3952,ASSukg
3953,OnwcADGJUK
3954,SVErB
3955,QzCHn
3956,ZcjOoaVgzK
3957,luyhncrrh
3958,mpxqdoN
3959,YqzZfrbh
3960,eLKpy
3961,ceBEsaLP
3962,PKJaHIA
3963,XWKdtexs
3964,fDKdx
3965,PlPVmn
3966,aEBnnWTwf
3967,SxSXIR
3968,kYWSaV
3969,vWrzBuf
3970,SZZizKgm
3971,rzdUIVqW
3972,ZUYGkZMNl
3973,sMXDwNoQ
3974,opIXTV
3975,PPvHacIMPg
3976,UnbLHavqn
3977,wWigpi
3978,LlePbHkt
3979,WbriWnLaxU
3980,FpWAsgBs
3981,aDRzjNyZo
3982,MdGGGUmr
3983,aXBmA
3984,OjBVwnmoAE
3985,xnOddM
3986,JQauoDi
3987,zpGzWbIBT
3988,lMWRNw
3989,GCAGZNryd
3990,greOpsAHs
3991,NicQrZBMkB
3992,ZFWhNuwCX
3993,vzBHo
3994,bKwiPueSh
3995,sgFkzgCgx
3996,IWSIDzpfr
3997,jrruOK
3998,LPOsOeA
3999,KvitNwCiNz
4000,wYdKJKRtT
4001,kluwkivov
4002,WOitglfss
4003,VXEIY
4004,IzumRvZOc
4005,IGjHle
4006,eZtzUayAR
4007,zFouuZYwLe
4008,gfLhURbJMI
4009,VoWFj
4010,WqmHNXp
4011,klToyQG
4012,xenbkwbO
4013,bouOWWgxd
4014,vVdnSTKxr
4015,tZUSio
4016,SSXrR
4017,WRIVZlSu
4018,WLBSEQXK
4019,CBqsHYe
4020,qUMNJ
4021,jVDpYHHdi
4022,pEkJwUP
4023,LYyFWsWXME
4024,RHcod
4025,ZfBgEUO
4026,YJjLmse
4027,jgOomztAe
4028,AoqBGpH
4029,kdpeKRTAVm
4030,rskjzF
4031,PAeWwNqqL
4032,IehUPGOrQl
4033,jcoJTTa
4034,XAwqKrH
4035,CAWnKi
4036,exBjWhXpaa
4037,dxHIFEMP
4038,UUPXebMeVg
4039,tFbNWZ
4040,fSobqXqc
4041,fjBDswst
4042,DDSyfXpArM
4043,PaFOrBOHb
4044,RnjvH
4045,UhpZo
4046,pLieesgZ
4047,DfJkkL
4048,JnZJEQ
4049,SkLEG
4050,nQqxvdOwn
4051,LobbuwMyo
4052,GYFYVIKGx
4053,ZPWsviUk
4054,KhPPBxjiFH
4055,fdeNr
4056,IXsPxbE
4057,QLhOEltI
4058,LnNlZtbj
4059,VsGcyV
4060,kEYmzBL
4061,vnjVHvdVlJ
4062,IJWwEaoV
4063,DQkafC
4064,AtxAIelfW
4065,eiEpkESOc
4066,JCDrd
4067,zSaaIzGgj
4068,bHWqOXh
4069,taMTqjQs
4070,AWsLeepVB
4071,ovyTbHuwqr
4072,GVHxdoJfT
4073,IvnebGGxR
4074,NWCDXykOR
4075,MfCNcnNohE
4076,gEVpYuNGV
4077,TAFWoeTSM
4078,VrVyBuudTp
4079,eOpRV
4080,tFBlGy
4081,IFcOmbTz
4082,lEcxiKNRfc
4083,vmuugOmK
4084,tpZHTcu
4085,NGUIXAQp
4086,EJkgjJETc
4087,deQdWyGJvF
4088,Sweffmn
4089,UYhsjhuKzo
4090,gwwOkZ
4091,mJVPpJN
4092,zSLHIRZ
4093,BSsoyZ
4094,hABDIAf
4095,pcSXNFv
4096,vaJyqsaYmh
4097,epeLDXXJ
4098,kzpxf
4099,Zieyt
4100,ppSjJYvE
4101,OyBLpTvDq
4102,CpxYsfSJO
4103,jlKIfYq
4104,mgHbFbbNmB
4105,dQJkgLaVd
4106,scwaJvnz
4107,qgYxm
4108,XxXbsWm
4109,nGkeOYGZX
4110,lAGIgocd
4111,BJnhgim
4112,EEPRO
4113,EsOdF
4114,GSMHrI
4115,tQSNaPjTD
4116,BoZrALPbI
4117,PgxLXbqOQU
4118,BlqOfvEi
4119,Mukwr
4120,EYxGOTj
4121,bXqHtJaGrH
4122,twvHATCU
4123,mxXgNgjvQ
4124,QsJhdQdRs
4125,GcGjsZwd
4126,noDeUQmhB
4127,trJXKq
4128,NZFoG
4129,CNikX
4130,ERLhTfksG
4131,BetAlxLGX
4132,DbKuHcj
4133,PDJyCTcBHC
4134,cycsJ
4135,zIggwRlZ
4136,qrbnH
4137,cxtcI
4138,KveOvC
4139,rGeqTTnTxp
4140,QELrypPbat
4141,YKJbmjd
4142,DUbOyrb
4143,jEYom
4144,olVQjKiSrW
4145,cldLtd
4146,GdevcOud
4147,oaIOMN
4148,DkvCZ
4149,NYesaC
4150,UetatBAQQg
4151,jGQItJEPjX
4152,JXbgMc
4153,ZalCwPjFp
4154,vuCzHYia
4155,qCNRi
4156,TCHpEpYywe
4157,SOtNcdcEh
4158,CMQqturd
4159,OJbGRdPm
4160,ImpxYHA
4161,tQZoaG
4162,jFgiFiNFE
4163,NaqNZhU
4164,moeOqpU
4165,AChfsBzt
4166,JfWecA
4167,qxQpX
4168,uSmxPNiSjh
4169,IYbkzuayg
4170,prkgCdmQTh
4171,VgNTJzFfe
4172,MSCRyPte
4173,MdlqhZ
4174,wVoiHgLDy
4175,USgoFDJiEu
4176,hGegHmFIR
4177,OVFFYj
4178,fhSjxJD
4179,GIJUXDAe
4180,LjyJWamgBp
4181,vSBXc
4182,drtuxV
4183,TOTdvuHH
4184,MFLyJZ
4185,FMPRQNi
4186,AHCNGb
4187,zbxqea
4188,olYNsC
4189,rfFNa
4190,pRpXwIeol
4191,pjWcS
4192,XJprtRF
4193,UhPlGGDL
4194,ImhcVe
4195,iYnWng
4196,puOiL
4197,BJRZwzuVhZ
4198,ErfWyt
4199,isStEoD
4200,iZMaXzigHn
4201,XzNFy
4202,VWIqLrIbby
4203,AkfVhdNj
4204,orjRMGlp
4205,yrJSoUjx
4206,jeZyR
4207,oTPFGeykQd
4208,XJZKEEVVc
4209,aazlkMIu
4210,GMTYQxYuMa
4211,vRDLobz
4212,vqjSOKDaBB
4213,hgOlTS
4214,HAsycvug
4215,lhtgMc
4216,kgWqZT
4217,drytUlCxGJ
4218,uNKdb
4219,XCFCml
4220,yUuoxDGGkC
4221,ippJrQ
4222,MuSsJB
4223,fWmfRzO
4224,DzwZty
4225,edcdaXc
4226,rQjMuwkyH
4227,zyFQIL
4228,uijArpptO
4229,RPLeNsGefz
4230,VadJn
4231,HnXkhqqiz
4232,TjscMc
4233,SmOKHlRxA
4234,ESxarku
4235,OxCvjYwjP
4236,rSVhYT
4237,SmLHJI
4238,cPAQnSJ
4239,CqTvsUA
4240,hEaSJxPyhf
4241,PjwmrNz
4242,dYEkFZ
4243,EnFBQaskfi
4244,ljpaRNE
4245,BtpoxklNd
4246,srpIdLLa
4247,BnbFItwz
4248,QPicBcMV
4249,swAYOBDW
4250,dpYzgCTHF
4251,rfmUakI
4252,VTmZPkXwVO
4253,icXqd
4254,arXyaVEC
4255,YPubC
4256,mBajxvNI
4257,gNDhxtLYyQ
4258,MXpXwk
4259,pAOOdizQM
4260,YTqxzUP
4261,IHeRk
4262,XNWhv
4263,MeOiw
4264,nLudJ
4265,sJRWd
4266,yswUyI
4267,KEFqdvxo
4268,UcVrF
4269,lkbKPCrkHH
4270,SONrk
4271,FUeeMbj
4272,zdhoQt
4273,xJfbQQvA
4274,ovxLbjBi
4275,IxALT
4276,kYClzDJ
4277,XeLHUQzyBF
4278,qvIqkH
4279,UgNTnF
4280,jJianQpJwB
4281,IrNfeqjyer
4282,JaFYwoTO
4283,VcAntQ
4284,EvZAgGiQT
4285,XuDNYy
4286,emoXhEo
4287,HTVCymBV
4288,afymbpy
4289,teJgbfU
4290,fxZcLwdb
4291,VWXerEZ
4292,kOAJpeHmxD
4293,WLvseGUu
4294,zrscn
4295,MyRixRbVt
4296,cccAmVZw
4297,ppLkMhrnBL
4298,ObdhPgiTBY
4299,MiTJMSVtE
4300,YXjPxC
4301,NjsSsUo
4302,wzlhBH
4303,dkTqFNQ
4304,doRJfHOp
4305,nATuZaq
4306,PrzwsDDnd
4307,CUVyGow
4308,gdbRI
4309,oyzRZDW
4310,MWKDmFwtcm
4311,CuWwk
4312,xALugNmtm
4313,szwyVniRtw
4314,iIRvwrSr
4315,RTUZef
4316,sQWwzTDRBM
4317,CpaIjOQa
4318,YQXDlP
4319,PChzKfC
4320,mZhIF
4321,foQgOsE
4322,opvflEzL
4323,uXYRWICK
4324,oJMVChedfs
4325,kimsTXFdVR
4326,wPCkOw
4327,inCXmk
4328,ztGSxiNf
4329,XSKqn
4330,YbstoC
4331,cDtisQRWtw
4332,mmrPWDLtq
4333,DdsRZpcztm
4334,pDzrLwHiwE
4335,swnSSYtO
4336,DLREwmcibF
4337,TynkSkG
4338,KfNKBC
4339,xwlnA
4340,QqIoBVyz
4341,VkTHQrdXS
4342,XrEiEiaKf
4343,AuKIwbaen
4344,WacOnhIQv
4345,dvougApZa
4346,ooGpQaNwOK
4347,ZQljGmwd
4348,DYGYLunZ
4349,YDoiTVoI
4350,UkLZk
4351,fxukcr
4352,eyIvKlf
4353,RYhqJiDti
4354,zxSGWxViR
4355,rzYONUJ
4356,NPhzbuLb
4357,tiNeQ
4358,KtTWRE
4359,lziSJhr
4360,BAghEfCI
4361,OVZRpAVDYZ
4362,Zbjcy
4363,AvmLDiuvLV
4364,ISbDcH
4365,IomamnBe
4366,sfJiwge
4367,ILHThqNip
4368,SVPhv
4369,TthpMbAn
4370,zTXCxb
4371,wrqJSfUwL
4372,TUIwlUEyv
4373,aFkNVK
4374,MZvehxNfV
4375,vFvYV
4376,jGCrHJkdNw
4377,bBBOzjvs
4378,NbpLAqbNE
4379,oUaTw
4380,rzBMeYOhB
4381,sEcdpfA
4382,cPTEsJ
4383,nDNNjz
4384,PKFGMuH
4385,CNmFU
4386,MVwzOr
4387,mQyLtPt
4388,JohaZlmckt
4389,obYJd
4390,KeJTsDV
4391,NRAboXa
4392,hBAPRZdR
4393,nGtckiFH
4394,JjrBWyAHdd
4395,MthHsiF
4396,GABRxghOH
4397,oDHTWHcb
4398,YMvxqVu
4399,QEUZr
4400,IRQTA
4401,opePddfnvG
4402,rqRYK
4403,MsGBvk
4404,LKNZnsWF
4405,AlKnS
4406,bhcCcLpI
4407,tehbYDge
4408,uXzVLNZX
4409,TXMEkET
4410,QqFQwpqvZb
4411,PjxOqzlyk
4412,bGUmnRjp
4413,FhmgEu
4414,QZvUK
4415,EcLrvYa
4416,WrXYao
4417,eWntwiKrVN
4418,AnKdIQGXUY
4419,epvIqW
4420,kjWnt
4421,KvbIWkja
4422,ANNqElXRx
4423,yMPMr
4424,xnnjjRoCmA
4425,fOKXhPiU
4426,ScTZgZyKZ
4427,ldbtfOrzZ
4428,vURpXmp
4429,DjuWq
4430,HJUUazV
4431,nVJAhYVOoF
4432,WRWlA
4433,xWkUAJY
4434,vmYPrpIpT
4435,kqvWiXDXQ
4436,nOioaiF
4437,jMOWrSKzPH
4438,RcOXieVdlA
4439,kIRTEzrkHY
4440,Etpvj
4441,xSKtOQfg
4442,XeVxkOkAi
4443,lKRWK
4444,zaewDLZzi
4445,JXhbvAFfEP
4446,bMqOCn
4447,joWblazTFZ
4448,DhoKbcmGC
4449,qxkCPiIPIo
4450,iEBbNuvuO
4451,kMZxYI
4452,qRSztE
4453,zNTleVp
4454,buaJCXZWWk
4455,GPIkAFGn
4456,xhQgv
4457,xTeXyItNAE
4458,zZEVekCmht
4459,bJzymO
4460,gvlWDK
4461,bWksyIo
4462,PSYovmJDCp
4463,uvrlUE
4464,uHNtJ
4465,TMmRca
4466,fMdYDJ
4467,aSZZNPUtMX
4468,oNydTV
4469,ICNqqoilsr
4470,TCkAgxZi
4471,JVfOEhndKZ
4472,hKLotlfNNN
4473,LGDtQHWgv
4474,eAFIhXcxQ
4475,VVXKHp
4476,CNYLZFcyhx
4477,zBkeLJAu
4478,eDSGGN
4479,nvKAaFP
4480,wpnWDv
4481,CCNgXa
4482,hdBzbbsGBt
4483,UIdpEDlQp
4484,rAjRYMwHfE
4485,BwzSlEiR
4486,RbcuehJxsO
4487,OkKeQ
4488,BmDwZpEEQ
4489,DCrrZL
4490,LEaFl
4491,wImsA
4492,XJpCN
4493,KbTKkkeOb
4494,bPgaHFHqn
4495,KTTkKYYKP
4496,pdIwULVeLe
4497,lJzfmEZW
4498,tJsLE
4499,ybwyKY
4500,tEQEn
4501,jekXaoMxH
4502,KTwVNdj
4503,SBtxtbnyRr
4504,qkXtncdVDK
4505,AQCBJJ
4506,chlUXimW
4507,aqlYz
4508,oEWgznZ
4509,VepelYQtZ
4510,muHQGT
4511,QvpfdYRN
4512,ZWhXka
4513,jTTNZsNVos
4514,uDcmnoLJ
4515,iZGeHVd
4516,vzXGeYcitj
4517,xTxBg
4518,XgBpxldzH
4519,OfCOrtdc
4520,rEqYqfVTeK
4521,sQwXqN
4522,YppsZd
4523,oXibnfwZEm
4524,LwKuvIB
4525,JacAKpQrlv
4526,bdpPZyn
4527,LZkBNiFF
4528,NaWGQ
4529,ZbnvdhfxXq
4530,cxFLL
4531,SkLSQwRioL
4532,tPSHRsJ
4533,lLMiRdjEJ
4534,aUeRNVPb
4535,mARSmPr
4536,SHasAFy
4537,uRJDL
4538,XbGNUk
4539,rRdnDRUxTF
4540,JHrxdxNwkZ
4541,okXFtCAOGW
4542,xrTJaJne
4543,qHsGlz
4544,abIIHP
4545,aDAmN
4546,ZMyoGkLyn
4547,tPnyxQAo
4548,wmovp
4549,PGfKZYPFca
4550,eCJGUt
4551,FqesJaBO
4552,xGpCvskr
4553,gYMamWPJk
4554,xCojiUwx
4555,IEDRpEVGD
4556,NIyxga
4557,eZvQZ
4558,KKpWxWTVCb
4559,kQMaPUa
4560,dlJttR
4561,xBvJfqedE
4562,CYLtLwX
4563,TuHWrvYl
4564,zRPxZgRHYw
4565,xYaPvP
4566,IEAvlpP
4567,qpcVyVP
4568,mtiKLBEGR
4569,PiKCxFE
4570,XViyDh
4571,FmLjyOrw
4572,twKuQnr
4573,hmRzae
4574,ZNjwzLjv
4575,eqTqAI
4576,ADkZhUuMY
4577,RxVpA
4578,esmVdFTRKh
4579,VFTHGiEQim
4580,AkbTcC
4581,irCQS
4582,uUzwiRITOy
4583,nPbux
4584,MTEImn
4585,UaoBqwab
4586,nMoAo
4587,rZPrH
4588,AbPyCHty
4589,hUhProJ
4590,HHzroHHl
4591,cUPuzdBWT
4592,FbHmWR
4593,gMQWHXYPdE
4594,oUopk
4595,SxaRl
4596,ZVYfUBc
4597,OWwcjtJ
4598,OBvlJBjH
4599,owcmjVKG
4600,kKUTOMsZn
4601,YyoKXWsz
4602,hHnchX
4603,gWmbcqF
4604,pGyudnACO
4605,qwUEYDcRn
4606,GwDfSSLgcX
4607,FOGJXPb
4608,tiiwsJ
4609,gkpyo
4610,hNKLua
4611,TzcVqz
4612,wMqVbN
4613,FvTQLjE
4614,dQcIPt
4615,AOQXbgyUC
4616,pntIPIW
4617,GVNEmtYW
4618,NaAfEuK
4619,MyslYvmhxk
4620,sJxlrWSb
4621,TnBRxeT
4622,kYVTCheSO
4623,YjSZnF
4624,cDgGok
4625,SDzTZGFME
4626,hOlGYedIM
4627,XnuMEGjDFq
4628,fUtECWFyi
4629,Hdyurwe
4630,sLMtvyCC
4631,ATWHR
4632,TJzHpHa
4633,JigWmSa
4634,LJyCAqceA
4635,QpWuV
4636,nfwfDDGcvj
4637,cYIACaZ
4638,xWeoIaQT
4639,TYpqszazLQ
4640,DBKZYa
4641,ZRJTfG
4642,QcunXayH
4643,AizVDTZTyZ
4644,rQuzxFRC
4645,lxDPtV
4646,snRZyLcuM
4647,TMCRJUQTX
4648,PvIzzIbXp
4649,RMJTo
4650,PhBdcwgB
4651,jQUjQHiD
4652,SJRkMY
4653,bQVja
4654,DZbEhjmWn
4655,zeoZqx
4656,uERlH
4657,zeLhdKvDnk
4658,UyFwVLInMh
4659,skkwzPS
4660,WoJcAx
4661,sEUmaCBIun
4662,JlczQzbH
4663,GNhCNzuEFj
4664,GKfqfG
4665,DILSExxwHP
4666,LPvqoNjeL
4667,mxYOCSE
4668,LvzzEqT
4669,FNKgDU
4670,UqJrFutF
4671,YnVyVvYc
4672,MwWgSpPBE
4673,QfwxaVykh
4674,XMYpsSGY
4675,umHhJQpmnj
4676,tHUwYwdqo
4677,OpewbpUTB
4678,vDROzQAep
4679,OXbCxdlsv
4680,GArYStC
4681,YAuOZk
4682,ZUhuIhnZL
4683,DkCjuikk
4684,DyEzYcu
4685,VqbQxnytVK
4686,dkhLxdQr
4687,eTBIdU
4688,idbLnfirO
4689,MDlLKZnt
4690,FHcRafcK
4691,nyIRsw
4692,mNtGRVKpQm
4693,RbPHGQgxL
4694,omiRmboou
4695,cCXCbIee
4696,lcPwTBB
4697,KQclQprRF
4698,VsEcvtyDs
4699,UAahUOYeuP
4700,pECIur
4701,JsFoe
4702,AtzwL
4703,exJrxVTIgR
4704,DSICS
4705,rAHfjhq
4706,woOSVe
4707,KccodWOcmt
4708,imkwWM
4709,jSfCoeG
4710,srXWKZNuXV
4711,bDmsxif
4712,LCAFSCbI
4713,MNRdlg
4714,SYLUDVNO
4715,IVwpbss
4716,AQnjHH
4717,bWOHgfBjXr
4718,SFAkf
4719,VdPWgejBVH
4720,lqGupQgMs
4721,tkJtmdEnNA
4722,GijpkOL
4723,BIfYbz
4724,BWSYidh
4725,KQxDi
4726,xrOJPq
4727,GSzRjbTxv
4728,mkOimdMF
4729,sCJoeExx
4730,Ihldnn
4731,LclTNRlNM
4732,oeuMoEC
4733,UpfIWr
4734,FSsHP
4735,HvcsZuAuS
4736,GMEshIMra
4737,xvXIVfnUtl
4738,TgaDuGF
4739,kzoPMVh
4740,NBbAAV
4741,WORhVpCLd
4742,EMLnMu
4743,bnBsSFySF
4744,TqSFeH
4745,OqXaJ
4746,RyurAYVRx
4747,XugYlybIM
4748,eRGfR
4749,zrEowPenE
4750,GEPTxpcEa
4751,UsgYjNh
4752,qMvwPloFSB
4753,LKSSdKhXuj
4754,AwvvhTocaT
4755,FVwTgpDstw
4756,jZsdwb
4757,HIJDtKHD
4758,lMwovsNv
4759,plhtdVivyy
4760,iOWdw
4761,TrogcNp
4762,UucgEX
4763,TOntnzxaW
4764,OXZNN
4765,JQNBlyvd
4766,ooMOi
4767,eOnmYT
4768,FZHIxqNH
4769,pRbrHixYQv
4770,nzJKWrhpFQ
4771,IUQkYkJb
4772,DllGhEoYh
4773,zxSLMxQfh
4774,iypgq
4775,lFECEJzMaX
4776,iavoUHYc
4777,IgbDHnJJR
4778,PsMZhH
4779,HQDDlYgXMe
4780,bOlkGfUeN
4781,KQhMBfw
4782,OikEoUpc
4783,LBrHti
4784,YJBQRuMbQW
4785,PGtFIwVrJm
4786,clYjRiSfYS
4787,XEHplIUpLn
4788,QJlDNYedCo
4789,LniiVJceJ
4790,kmkVXmII
4791,OcjNSYW
4792,EpLzG
4793,NAPbfRy
4794,DyOeuclM
4795,isjYvdaGvB
4796,LIAdKSRjdc
4797,nFAwxrkXb
4798,qJYWDcPFxA
4799,JskVsxyWBo
4800,XToseAgh
4801,vfzDXuX
4802,pCesj
4803,OaxEg
4804,MqmNmrBb
4805,HDOjIaMa
4806,AIRdD
4807,YasjCxNORO
4808,wIchCRN
4809,fZKUkXEi
4810,tBVMhkT
4811,beyLCGyvAW
4812,mZTIvnnYCD
4813,vETAiUN
4814,MpjlaRg
4815,hxAdakQpID
4816,UXoeE
4817,vZdTRQlXu
4818,CJxPZpuy
4819,pKyvOdf
4820,XdSWfsyjQ
4821,ycZKTOJiuQ
4822,IQyIdNQ
4823,PZLKbiWTk
4824,duVqRmQNVF
4825,EEcGkv
4826,mFJvtB
4827,VtYJQPrLF
4828,uZPmsnbJ
4829,cqciT
4830,JTOxHUL
4831,OKhymOlt
4832,sYqNCdsEtX
4833,wboTrW
4834,rxNHWv
4835,xzaCXXjqjo
4836,qgWUSd
4837,LdppdW
4838,emsLhrUggE
4839,ZTAMFHwPJa
4840,oKLROAUU
4841,frXGPa
4842,PZCKBjpEO
4843,FqGPInQGh
4844,EwyBbyJP
4845,SvBbdL
4846,RGOoDM
4847,bxxjPrDe
4848,cDXcXB
4849,DsUOvS
4850,APIrEgOyi
4851,Wuieqdp
4852,LHXkNyI
4853,zbgTfB
4854,oFUhj
4855,ozWWsrT
4856,hAbKxTmB
4857,cfnnyZH
4858,mINnk
4859,RewkxcPU
4860,slpeEuHyC
4861,DSkjuxj
4862,fqEvZ
4863,MXPcP
4864,sKmNXhIKPw
4865,AThtrT
4866,ynMJXL
4867,DjzZnQyK
4868,XHAJfij
4869,oScERYY
4870,tfUtd
4871,cVVsg
4872,KHgNgGTcUd
4873,ltybFKcDk
4874,WlTJSL
4875,TQZpcnkEN
4876,xNlWrYrU
4877,vSIZJUMks
4878,HujcUyYvcJ
4879,mOWVVcPUDl
4880,edEbHtQ
4881,LcaRn
4882,HIcBDxPJE
4883,GyBTOByGP
4884,lTPNBWo
4885,JVjRKNBkPn
4886,mUShVyDUXr
4887,hryRynf
4888,aCGtL
4889,nyZsOCKc
4890,JbIiutOQ
4891,sQNmndtRb
4892,qRZcU
4893,MOKtX
4894,ivBuMbh
4895,UgOEX
4896,IWubWxpK
4897,QVgZO
4898,phLlysELU
4899,IbEcaz
4900,yIsPxn
4901,uYjEXmXFQw
4902,oSdGf
4903,KNXxFIQS
4904,ZnhnjM
4905,lYJCq
4906,VIrmHdkwOw
4907,sRTZSt
4908,GTQGQH
4909,UrHkYb
4910,jqvLp
4911,EWbgMVx
4912,azVoAhXOnj
4913,oBZAQd
4914,uJhySZqkIz
4915,LXPqoVaYx
4916,SXaoXoV
4917,FuycK
4918,sXgXzio
4919,rpjBRDGh
4920,ivcBshYd
4921,FyDMzGngkU
4922,lCwLrTdLEj
4923,CvFOJz
4924,zZdQlOJ
4925,OPVtiP
4926,iNhmXJoCYG
4927,hedOnoA
4928,mbiiLIHn
4929,JMpdYI
4930,XnjWGqrZg
4931,nsiPNM
4932,PUHQTBxvbO
4933,lShHnCPL
4934,ZXWOzCoL
4935,uhOOiX
4936,cXEqzXew
4937,yOutI
4938,NVmPvHSCH
4939,zxsGgUY
4940,MEwYnARXCu
4941,azKJDgd
4942,ORgVpKH
4943,mHnEtaQI
4944,fPClObWofl
4945,DVNOeCGC
4946,LzzCYFyYiK
4947,fCDuiOEy
4948,jJFUEWiRlm
4949,ylfbmZ
4950,oFQogrTEeM
4951,GXmJXka
4952,rLEqYp
4953,lJXbp
4954,vzAynMZB
4955,dZxAlfP
4956,Bjwmp
4957,WsGxeHcMAc
4958,KfSsnUWq
4959,AEvTsVLp
4960,AWCJq
4961,kcNHd
4962,qGEscMZLq
4963,zOKHLHT
4964,RcuciCgURf
4965,eUnNqNx
4966,RhbsPY
4967,HUQzXzWbd
4968,UqpalnBI
4969,NlpuXxfLKB
4970,vHXlJEeCAi
4971,ZKmxMEsDSa
4972,VKzLPZyW
4973,aARWyi
4974,XrnRw
4975,dDaAUzCle
4976,qOcOPyZ
4977,jmOXF
4978,qDTVmk
4979,jbqQxEzp
4980,EbBYqN
4981,KSqFMpIID
4982,SPyQHex
4983,uJSVtVE
4984,NRvHvnEh
4985,rUutE
4986,nmTuznTrw
4987,yKHcMoxUlL
4988,qFuCNMSw
4989,uoUVUmb
4990,PegznBW
4991,gMkPL
4992,jmKLKcp
4993,AiSaRpFKY
4994,VBKmZcal
4995,jbdKcyQFJY
4996,DtoIV
4997,ekpPXPMhfB
4998,rXGZmFI
4999,JovBOymTAt
5000,wKVya
